conversation_id,patient_message,doctor_response,intent,sentiment,summary,key_points
1,I'm traveling abroad and need a 3-month supply of my blood thinners.,I can certainly renew that. Has your current dosage been effective for you?,ask_prescription,neutral,Patient asked for medication renewal or advice. Communication was matter-of-fact.,"traveling, abroad, 3-month, supply, blood"
2,What's your policy on late cancellations?,I regret to inform you that we no longer accept that insurance plan as of last month.,general_questions,negative,Patient asked general information about services. Communication expressed concerns or dissatisfaction.,"What's, policy, cancellations?"
3,Can I book a follow-up with Dr. Smith for my post-op check?,I'm putting you down for our emergency slot at 3pm today. Please arrive 15 minutes early.,request_appointment,urgent,Patient requested a future consultation. Communication emphasized immediate action needed.,"follow-up, Smith, post-op, check?"
4,Your online portal isn't working and I can't access my medical records.,The administrative team will conduct a thorough investigation into the reported procedural deviation.,complaint,formal,Patient reported dissatisfaction or issues. Communication was professional and technical.,"online, portal, isn't, working, can't"
5,Your online portal isn't working and I can't access my medical records.,The administrative team will conduct a thorough investigation into the reported procedural deviation.,complaint,formal,Patient reported dissatisfaction or issues. Communication was professional and technical.,"online, portal, isn't, working, can't"
6,I have severe diarrhea and vomiting since last night - can't keep anything down.,Thank you for providing such clear details about your symptoms. This gives us a promising starting point for treatment.,discuss_symptoms,positive,Patient described current health symptoms. Communication had an optimistic tone.,"severe, diarrhea, vomiting, since, night"
7,What's your policy on late cancellations?,We accept most major insurance plans. May I have your member ID to verify?,general_questions,neutral,Patient asked general information about services. Communication was matter-of-fact.,"What's, policy, cancellations?"
8,The biopsy results came back - can we discuss them at my next visit?,I'm sorry the treatment hasn't provided the relief we expected. Let's try a different approach.,follow_up,apologetic,Patient followed up regarding previous consultation. Communication included regret or apologies.,"biopsy, results, discuss, visit?"
9,The doctor didn't explain my diagnosis clearly - I have many unanswered questions.,Your experience worries me greatly. No patient should face these kinds of issues.,complaint,concerned,Patient reported dissatisfaction or issues. Communication expressed worry or caution.,"doctor, didn't, explain, diagnosis, clearly"
10,There's a strange numbness in my left arm that won't go away.,"You know, I had another patient with similar issues last week - don't worry, we'll get to the bottom of this!",discuss_symptoms,friendly,Patient described current health symptoms. Communication was warm and personable.,"There's, strange, numbness, won't, away."
11,I'm traveling abroad and need a 3-month supply of my blood thinners.,"Unfortunately, I cannot authorize this refill until we address these concerning lab results.",ask_prescription,negative,Patient asked for medication renewal or advice. Communication expressed concerns or dissatisfaction.,"traveling, abroad, 3-month, supply, blood"
12,Can I book a follow-up with Dr. Smith for my post-op check?,Great news! We have several convenient openings that should work perfectly for your schedule.,request_appointment,positive,Patient requested a future consultation. Communication had an optimistic tone.,"follow-up, Smith, post-op, check?"
13,My blood sugar levels have stabilized - do I still need the same dosage?,The post-procedure assessment indicates satisfactory healing with no contraindications for resuming normal activity.,follow_up,formal,Patient followed up regarding previous consultation. Communication was professional and technical.,"blood, sugar, levels, stabilized, still"
14,I'm experiencing shortness of breath even with minimal activity.,"I understand your concern and I'm glad you came in. Based on what you're describing, we have several good treatment options.",discuss_symptoms,positive,Patient described current health symptoms. Communication had an optimistic tone.,"experiencing, shortness, breath, minimal, activity."
15,I completed the treatment but still feel fatigued - what next?,These test results raise some concerns for me. Let's take a closer look at what's happening.,follow_up,concerned,Patient followed up regarding previous consultation. Communication expressed worry or caution.,"completed, treatment, still, fatigued, next?"
16,Which hospital are you affiliated with for emergencies?,Insurance verification protocols require submission of credentials 48 hours prior to scheduled appointments.,general_questions,formal,Patient asked general information about services. Communication was professional and technical.,"Which, hospital, affiliated, emergencies?"
17,What are your clinic hours on holidays?,"Our regular hours are 8am-6pm weekdays, with urgent care until 8pm.",general_questions,neutral,Patient asked general information about services. Communication was matter-of-fact.,"clinic, hours, holidays?"
18,I completed the treatment but still feel fatigued - what next?,I'm not satisfied with your progress. These symptoms indicate the treatment isn't working.,follow_up,negative,Patient followed up regarding previous consultation. Communication expressed concerns or dissatisfaction.,"completed, treatment, still, fatigued, next?"
19,Do I need a new prescription for my ongoing thyroid medication?,"These symptoms concern me - before renewing, I'd like to check if this medication is still right for you.",ask_prescription,concerned,Patient asked for medication renewal or advice. Communication expressed worry or caution.,"prescription, ongoing, thyroid, medication?"
20,Are there any weekend slots available for a general consultation?,I can help with that. Would you prefer an early morning or late afternoon appointment?,request_appointment,neutral,Patient requested a future consultation. Communication was matter-of-fact.,"there, weekend, slots, available, general"
21,Do you accept my new insurance plan?,We accept most major insurance plans. May I have your member ID to verify?,general_questions,neutral,Patient asked general information about services. Communication was matter-of-fact.,"accept, insurance, plan?"
22,Do you provide interpreter services for non-English speakers?,"You know what, parking is actually free on weekends - a little bonus for our Saturday patients!",general_questions,friendly,Patient asked general information about services. Communication was warm and personable.,"provide, interpreter, services, non-English, speakers?"
23,I completed the treatment but still feel fatigued - what next?,I'm not satisfied with your progress. These symptoms indicate the treatment isn't working.,follow_up,negative,Patient followed up regarding previous consultation. Communication expressed concerns or dissatisfaction.,"completed, treatment, still, fatigued, next?"
24,I've been waiting 45 minutes past my scheduled appointment time.,This requires immediate attention. I'm escalating this to our director right now.,complaint,urgent,Patient reported dissatisfaction or issues. Communication emphasized immediate action needed.,"waiting, minutes, scheduled, appointment, time."
25,I've had a persistent headache for three days now with blurred vision.,"Given what you've described, we need to run tests immediately. This requires urgent attention.",discuss_symptoms,urgent,Patient described current health symptoms. Communication emphasized immediate action needed.,"persistent, headache, three, blurred, vision."
26,Do you accept my new insurance plan?,"You know what, parking is actually free on weekends - a little bonus for our Saturday patients!",general_questions,friendly,Patient asked general information about services. Communication was warm and personable.,"accept, insurance, plan?"
27,I completed the treatment but still feel fatigued - what next?,I'm very encouraged by your progress! The treatment is working exactly as we hoped.,follow_up,positive,Patient followed up regarding previous consultation. Communication had an optimistic tone.,"completed, treatment, still, fatigued, next?"
28,I've been tracking my blood pressure as instructed - should I continue the meds?,I'm sorry the treatment hasn't provided the relief we expected. Let's try a different approach.,follow_up,apologetic,Patient followed up regarding previous consultation. Communication included regret or apologies.,"tracking, blood, pressure, instructed, should"
29,I have severe diarrhea and vomiting since last night - can't keep anything down.,I understand this must be worrying. How long exactly have you been experiencing these symptoms?,discuss_symptoms,neutral,Patient described current health symptoms. Communication was matter-of-fact.,"severe, diarrhea, vomiting, since, night"
30,How do I get a copy of my medical records transferred to another provider?,"Our regular hours are 8am-6pm weekdays, with urgent care until 8pm.",general_questions,neutral,Patient asked general information about services. Communication was matter-of-fact.,"medical, records, transferred, another, provider?"
31,Do you accept my new insurance plan?,I'm concerned about your insurance coverage. Let me check some details to make sure you're fully covered.,general_questions,concerned,Patient asked general information about services. Communication expressed worry or caution.,"accept, insurance, plan?"
32,I'd like to make a same-day urgent appointment if possible.,"Upon reviewing the physician's calendar, there is availability on Thursday at 2:15pm or Friday at 10:30am.",request_appointment,formal,Patient requested a future consultation. Communication was professional and technical.,"same-day, urgent, appointment, possible."
33,I completed the treatment but still feel fatigued - what next?,These test results raise some concerns for me. Let's take a closer look at what's happening.,follow_up,concerned,Patient followed up regarding previous consultation. Communication expressed worry or caution.,"completed, treatment, still, fatigued, next?"
34,I'd like to make a same-day urgent appointment if possible.,"Given your situation, I'll rearrange the schedule to fit you in today. This can't wait.",request_appointment,urgent,Patient requested a future consultation. Communication emphasized immediate action needed.,"same-day, urgent, appointment, possible."
35,I noticed blood in my urine this morning with some burning sensation.,"According to clinical guidelines, these symptoms necessitate a comprehensive examination and possibly diagnostic imaging.",discuss_symptoms,formal,Patient described current health symptoms. Communication was professional and technical.,"noticed, blood, urine, morning, burning"
36,I need to schedule a physical exam before my overseas trip next month.,I'm so sorry about the wait times lately. Let me do my best to find something that works for you.,request_appointment,apologetic,Patient requested a future consultation. Communication included regret or apologies.,"schedule, physical, before, overseas, month."
37,Do I need a new prescription for my ongoing thyroid medication?,"Unfortunately, I cannot authorize this refill until we address these concerning lab results.",ask_prescription,negative,Patient asked for medication renewal or advice. Communication expressed concerns or dissatisfaction.,"prescription, ongoing, thyroid, medication?"
38,What COVID safety measures are you currently following?,I'm concerned about your insurance coverage. Let me check some details to make sure you're fully covered.,general_questions,concerned,Patient asked general information about services. Communication expressed worry or caution.,"COVID, safety, measures, currently, following?"
39,I've been waiting 45 minutes past my scheduled appointment time.,This is a serious failure on our part. I'm deeply troubled by what you've experienced.,complaint,negative,Patient reported dissatisfaction or issues. Communication expressed concerns or dissatisfaction.,"waiting, minutes, scheduled, appointment, time."
40,Can you prescribe something stronger for my chronic back pain?,"Great news! Your lab results look excellent, so I'm happy to continue your current medication.",ask_prescription,positive,Patient asked for medication renewal or advice. Communication had an optimistic tone.,"prescribe, something, stronger, chronic, pain?"
41,How do I get a copy of my medical records transferred to another provider?,I regret to inform you that we no longer accept that insurance plan as of last month.,general_questions,negative,Patient asked general information about services. Communication expressed concerns or dissatisfaction.,"medical, records, transferred, another, provider?"
42,My pharmacy says they need prior authorization for my new cholesterol meds.,This is critical - I'm sending an emergency prescription to your pharmacy to be ready within the hour.,ask_prescription,urgent,Patient asked for medication renewal or advice. Communication emphasized immediate action needed.,"pharmacy, prior, authorization, cholesterol, meds."
43,My blood sugar levels have stabilized - do I still need the same dosage?,I apologize that you're still experiencing these symptoms. We should have addressed this differently.,follow_up,apologetic,Patient followed up regarding previous consultation. Communication included regret or apologies.,"blood, sugar, levels, stabilized, still"
44,I'm experiencing shortness of breath even with minimal activity.,"Given what you've described, we need to run tests immediately. This requires urgent attention.",discuss_symptoms,urgent,Patient described current health symptoms. Communication emphasized immediate action needed.,"experiencing, shortness, breath, minimal, activity."
45,I have severe diarrhea and vomiting since last night - can't keep anything down.,I'm genuinely concerned about what you're experiencing. Let's take these symptoms very seriously.,discuss_symptoms,concerned,Patient described current health symptoms. Communication expressed worry or caution.,"severe, diarrhea, vomiting, since, night"
46,Are there any weekend slots available for a general consultation?,"Upon reviewing the physician's calendar, there is availability on Thursday at 2:15pm or Friday at 10:30am.",request_appointment,formal,Patient requested a future consultation. Communication was professional and technical.,"there, weekend, slots, available, general"
47,My blood sugar levels have stabilized - do I still need the same dosage?,I'm very encouraged by your progress! The treatment is working exactly as we hoped.,follow_up,positive,Patient followed up regarding previous consultation. Communication had an optimistic tone.,"blood, sugar, levels, stabilized, still"
48,My insulin prescription is running low - can you send a refill to CVS?,I'm sorry you've been experiencing these medication issues. That must be frustrating.,ask_prescription,apologetic,Patient asked for medication renewal or advice. Communication included regret or apologies.,"insulin, prescription, running, refill"
49,I'd prefer a telehealth visit if available - when's the next opening?,"Upon reviewing the physician's calendar, there is availability on Thursday at 2:15pm or Friday at 10:30am.",request_appointment,formal,Patient requested a future consultation. Communication was professional and technical.,"prefer, telehealth, visit, available, when's"
50,Are there any weekend slots available for a general consultation?,I regret to inform you that Dr. Smith's schedule is completely full for the next month.,request_appointment,negative,Patient requested a future consultation. Communication expressed concerns or dissatisfaction.,"there, weekend, slots, available, general"
51,I noticed blood in my urine this morning with some burning sensation.,I'm sorry you've been dealing with this discomfort. We should have caught this during your last visit.,discuss_symptoms,apologetic,Patient described current health symptoms. Communication included regret or apologies.,"noticed, blood, urine, morning, burning"
52,The antidepressant dosage doesn't seem effective anymore - can we adjust?,"Given your situation, I'm authorizing an immediate refill that you can pick up today.",ask_prescription,urgent,Patient asked for medication renewal or advice. Communication emphasized immediate action needed.,"antidepressant, dosage, doesn't, effective, anymore"
53,Could I get an appointment with the cardiology department?,I apologize for the scheduling difficulties. We're working to improve our availability.,request_appointment,apologetic,Patient requested a future consultation. Communication included regret or apologies.,"Could, appointment, cardiology, department?"
54,I have severe diarrhea and vomiting since last night - can't keep anything down.,I'm genuinely concerned about what you're experiencing. Let's take these symptoms very seriously.,discuss_symptoms,concerned,Patient described current health symptoms. Communication expressed worry or caution.,"severe, diarrhea, vomiting, since, night"
55,My test results were supposed to be ready yesterday but still aren't available.,Your grievance has been documented and will be addressed according to our patient resolution protocol.,complaint,formal,Patient reported dissatisfaction or issues. Communication was professional and technical.,"results, supposed, ready, yesterday, still"
56,How do I get a copy of my medical records transferred to another provider?,I apologize that our holiday schedule is so limited. I know it can make things difficult.,general_questions,apologetic,Patient asked general information about services. Communication included regret or apologies.,"medical, records, transferred, another, provider?"
57,What COVID safety measures are you currently following?,I'm happy to confirm that we accept your insurance with excellent coverage options.,general_questions,positive,Patient asked general information about services. Communication had an optimistic tone.,"COVID, safety, measures, currently, following?"
58,The physical therapy exercises caused more pain - is this normal?,I'm actually quite worried about these lingering symptoms. They shouldn't still be present.,follow_up,concerned,Patient followed up regarding previous consultation. Communication expressed worry or caution.,"physical, therapy, exercises, caused, normal?"
59,Which hospital are you affiliated with for emergencies?,I regret to inform you that we no longer accept that insurance plan as of last month.,general_questions,negative,Patient asked general information about services. Communication expressed concerns or dissatisfaction.,"Which, hospital, affiliated, emergencies?"
60,My pharmacy says they need prior authorization for my new cholesterol meds.,I'm concerned about renewing this medication without seeing you first. These side effects are troubling.,ask_prescription,negative,Patient asked for medication renewal or advice. Communication expressed concerns or dissatisfaction.,"pharmacy, prior, authorization, cholesterol, meds."
61,I lost my prescription slip for the antibiotics - can you reissue?,I'm pleased to renew this prescription for you. The treatment seems to be working very well.,ask_prescription,positive,Patient asked for medication renewal or advice. Communication had an optimistic tone.,"prescription, antibiotics, reissue?"
62,I completed the treatment but still feel fatigued - what next?,These follow-up symptoms require urgent attention. Can you come to the office today?,follow_up,urgent,Patient followed up regarding previous consultation. Communication emphasized immediate action needed.,"completed, treatment, still, fatigued, next?"
63,My insulin prescription is running low - can you send a refill to CVS?,No problem at all with that refill! I'll take care of it right away so you don't have to worry.,ask_prescription,friendly,Patient asked for medication renewal or advice. Communication was warm and personable.,"insulin, prescription, running, refill"
64,Do I need a new prescription for my ongoing thyroid medication?,I apologize for the confusion with your prescription. Let me fix this right away.,ask_prescription,apologetic,Patient asked for medication renewal or advice. Communication included regret or apologies.,"prescription, ongoing, thyroid, medication?"
65,Can I book a follow-up with Dr. Smith for my post-op check?,"Hey, no problem at all! I can totally squeeze you in this Friday - how does that sound?",request_appointment,friendly,Patient requested a future consultation. Communication was warm and personable.,"follow-up, Smith, post-op, check?"
66,My insulin prescription is running low - can you send a refill to CVS?,No problem at all with that refill! I'll take care of it right away so you don't have to worry.,ask_prescription,friendly,Patient asked for medication renewal or advice. Communication was warm and personable.,"insulin, prescription, running, refill"
67,Are there any weekend slots available for a general consultation?,"Hey, no problem at all! I can totally squeeze you in this Friday - how does that sound?",request_appointment,friendly,Patient requested a future consultation. Communication was warm and personable.,"there, weekend, slots, available, general"
68,What's your policy on late cancellations?,This information is critical - our emergency services remain open 24/7 including all holidays.,general_questions,urgent,Patient asked general information about services. Communication emphasized immediate action needed.,"What's, policy, cancellations?"
69,My child needs a sports physical - do you have pediatric appointments tomorrow?,Let me check our availability. Are you looking for something this week or next?,request_appointment,neutral,Patient requested a future consultation. Communication was matter-of-fact.,"child, needs, sports, physical, pediatric"
70,The physical therapy exercises caused more pain - is this normal?,Glad you're following up. How have your symptoms progressed since we last spoke?,follow_up,neutral,Patient followed up regarding previous consultation. Communication was matter-of-fact.,"physical, therapy, exercises, caused, normal?"
71,Do you provide interpreter services for non-English speakers?,"You know what, parking is actually free on weekends - a little bonus for our Saturday patients!",general_questions,friendly,Patient asked general information about services. Communication was warm and personable.,"provide, interpreter, services, non-English, speakers?"
72,The nurse didn't return my urgent call about medication side effects.,Thank you so much for this feedback. It's patients like you who help us improve our services.,complaint,positive,Patient reported dissatisfaction or issues. Communication had an optimistic tone.,"nurse, didn't, return, urgent, about"
73,My child needs a sports physical - do you have pediatric appointments tomorrow?,I'm so sorry about the wait times lately. Let me do my best to find something that works for you.,request_appointment,apologetic,Patient requested a future consultation. Communication included regret or apologies.,"child, needs, sports, physical, pediatric"
74,My test results were supposed to be ready yesterday but still aren't available.,I understand your concern. Let me look into this matter for you.,complaint,neutral,Patient reported dissatisfaction or issues. Communication was matter-of-fact.,"results, supposed, ready, yesterday, still"
75,Do I need a new prescription for my ongoing thyroid medication?,I apologize for the confusion with your prescription. Let me fix this right away.,ask_prescription,apologetic,Patient asked for medication renewal or advice. Communication included regret or apologies.,"prescription, ongoing, thyroid, medication?"
76,Are there any weekend slots available for a general consultation?,"You know what, I remember you from your last visit! Let's find a perfect time that works for you.",request_appointment,friendly,Patient requested a future consultation. Communication was warm and personable.,"there, weekend, slots, available, general"
77,The prescription you sent was out of stock at my pharmacy with no alternatives.,I understand your concern. Let me look into this matter for you.,complaint,neutral,Patient reported dissatisfaction or issues. Communication was matter-of-fact.,"prescription, stock, pharmacy, alternatives."
78,The receptionist was very rude when I called to reschedule.,This is a serious failure on our part. I'm deeply troubled by what you've experienced.,complaint,negative,Patient reported dissatisfaction or issues. Communication expressed concerns or dissatisfaction.,"receptionist, called, reschedule."
79,I have severe diarrhea and vomiting since last night - can't keep anything down.,These symptoms need immediate investigation. I'm going to expedite some tests right away.,discuss_symptoms,urgent,Patient described current health symptoms. Communication emphasized immediate action needed.,"severe, diarrhea, vomiting, since, night"
80,The prescription you sent was out of stock at my pharmacy with no alternatives.,This requires immediate attention. I'm escalating this to our director right now.,complaint,urgent,Patient reported dissatisfaction or issues. Communication emphasized immediate action needed.,"prescription, stock, pharmacy, alternatives."
81,I'd prefer a telehealth visit if available - when's the next opening?,I'm a bit worried about waiting too long for this appointment. Let me see what I can do to expedite it.,request_appointment,concerned,Patient requested a future consultation. Communication expressed worry or caution.,"prefer, telehealth, visit, available, when's"
82,Can you prescribe something stronger for my chronic back pain?,I'm a bit worried about these side effects you're mentioning. Let's discuss alternatives to this medication.,ask_prescription,concerned,Patient asked for medication renewal or advice. Communication expressed worry or caution.,"prescribe, something, stronger, chronic, pain?"
83,Which hospital are you affiliated with for emergencies?,I'm worried you might have trouble with parking during construction - let me suggest some alternatives.,general_questions,concerned,Patient asked general information about services. Communication expressed worry or caution.,"Which, hospital, affiliated, emergencies?"
84,My blood sugar levels have stabilized - do I still need the same dosage?,"Given what you're describing, I need you to come in immediately for reassessment.",follow_up,urgent,Patient followed up regarding previous consultation. Communication emphasized immediate action needed.,"blood, sugar, levels, stabilized, still"
85,I've been tracking my blood pressure as instructed - should I continue the meds?,"You know, I've been thinking about your case - sounds like you're really making progress!",follow_up,friendly,Patient followed up regarding previous consultation. Communication was warm and personable.,"tracking, blood, pressure, instructed, should"
86,I've been tracking my blood pressure as instructed - should I continue the meds?,The post-procedure assessment indicates satisfactory healing with no contraindications for resuming normal activity.,follow_up,formal,Patient followed up regarding previous consultation. Communication was professional and technical.,"tracking, blood, pressure, instructed, should"
87,I've had a persistent headache for three days now with blurred vision.,I'm sorry you've been dealing with this discomfort. We should have caught this during your last visit.,discuss_symptoms,apologetic,Patient described current health symptoms. Communication included regret or apologies.,"persistent, headache, three, blurred, vision."
88,My child needs a sports physical - do you have pediatric appointments tomorrow?,I'd be happy to schedule that for you! We have some excellent time slots available.,request_appointment,positive,Patient requested a future consultation. Communication had an optimistic tone.,"child, needs, sports, physical, pediatric"
89,"My joints are swollen and painful, especially in the mornings.",I understand this must be worrying. How long exactly have you been experiencing these symptoms?,discuss_symptoms,neutral,Patient described current health symptoms. Communication was matter-of-fact.,"joints, swollen, painful,, especially, mornings."
90,The biopsy results came back - can we discuss them at my next visit?,These test results raise some concerns for me. Let's take a closer look at what's happening.,follow_up,concerned,Patient followed up regarding previous consultation. Communication expressed worry or caution.,"biopsy, results, discuss, visit?"
91,I'm having bad side effects from the new medication - can we switch?,I'm a bit worried about these side effects you're mentioning. Let's discuss alternatives to this medication.,ask_prescription,concerned,Patient asked for medication renewal or advice. Communication expressed worry or caution.,"having, effects, medication, switch?"
92,What's your policy on late cancellations?,I regret to inform you that we no longer accept that insurance plan as of last month.,general_questions,negative,Patient asked general information about services. Communication expressed concerns or dissatisfaction.,"What's, policy, cancellations?"
93,Can I book a follow-up with Dr. Smith for my post-op check?,Great news! We have several convenient openings that should work perfectly for your schedule.,request_appointment,positive,Patient requested a future consultation. Communication had an optimistic tone.,"follow-up, Smith, post-op, check?"
94,Can you prescribe something stronger for my chronic back pain?,I'm a bit worried about these side effects you're mentioning. Let's discuss alternatives to this medication.,ask_prescription,concerned,Patient asked for medication renewal or advice. Communication expressed worry or caution.,"prescribe, something, stronger, chronic, pain?"
95,My test results were supposed to be ready yesterday but still aren't available.,I'm deeply troubled by what you experienced. This isn't the care standard we aim to provide.,complaint,concerned,Patient reported dissatisfaction or issues. Communication expressed worry or caution.,"results, supposed, ready, yesterday, still"
96,The prescription you sent was out of stock at my pharmacy with no alternatives.,"I'm totally with you on this one - that experience wasn't okay, and we can do better!",complaint,friendly,Patient reported dissatisfaction or issues. Communication was warm and personable.,"prescription, stock, pharmacy, alternatives."
97,The receptionist was very rude when I called to reschedule.,Oh no! That definitely wasn't supposed to happen! Let me help make this right for you.,complaint,friendly,Patient reported dissatisfaction or issues. Communication was warm and personable.,"receptionist, called, reschedule."
98,What are your clinic hours on holidays?,"You know what, parking is actually free on weekends - a little bonus for our Saturday patients!",general_questions,friendly,Patient asked general information about services. Communication was warm and personable.,"clinic, hours, holidays?"
99,It's been 2 weeks since my surgery - when should I come for a wound check?,Glad you're following up. How have your symptoms progressed since we last spoke?,follow_up,neutral,Patient followed up regarding previous consultation. Communication was matter-of-fact.,"weeks, since, surgery, should, wound"
100,The rash has spread despite using the prescribed cream - what now?,"Upon review of your follow-up data, clinical parameters suggest modification of the treatment protocol.",follow_up,formal,Patient followed up regarding previous consultation. Communication was professional and technical.,"spread, despite, using, prescribed, cream"
101,Your online portal isn't working and I can't access my medical records.,I understand your concern. Let me look into this matter for you.,complaint,neutral,Patient reported dissatisfaction or issues. Communication was matter-of-fact.,"online, portal, isn't, working, can't"
102,The physical therapy exercises caused more pain - is this normal?,"Upon review of your follow-up data, clinical parameters suggest modification of the treatment protocol.",follow_up,formal,Patient followed up regarding previous consultation. Communication was professional and technical.,"physical, therapy, exercises, caused, normal?"
103,Do you accept my new insurance plan?,We accept most major insurance plans. May I have your member ID to verify?,general_questions,neutral,Patient asked general information about services. Communication was matter-of-fact.,"accept, insurance, plan?"
104,There's sharp pain in my lower right abdomen that comes and goes.,"You know, I had another patient with similar issues last week - don't worry, we'll get to the bottom of this!",discuss_symptoms,friendly,Patient described current health symptoms. Communication was warm and personable.,"There's, sharp, lower, right, abdomen"
105,I'm traveling abroad and need a 3-month supply of my blood thinners.,I'm pleased to renew this prescription for you. The treatment seems to be working very well.,ask_prescription,positive,Patient asked for medication renewal or advice. Communication had an optimistic tone.,"traveling, abroad, 3-month, supply, blood"
106,How do I get a copy of my medical records transferred to another provider?,"Our regular hours are 8am-6pm weekdays, with urgent care until 8pm.",general_questions,neutral,Patient asked general information about services. Communication was matter-of-fact.,"medical, records, transferred, another, provider?"
107,Could I get an appointment with the cardiology department?,I'm putting you down for our emergency slot at 3pm today. Please arrive 15 minutes early.,request_appointment,urgent,Patient requested a future consultation. Communication emphasized immediate action needed.,"Could, appointment, cardiology, department?"
108,My insulin prescription is running low - can you send a refill to CVS?,"Great news! Your lab results look excellent, so I'm happy to continue your current medication.",ask_prescription,positive,Patient asked for medication renewal or advice. Communication had an optimistic tone.,"insulin, prescription, running, refill"
109,My blood sugar levels have stabilized - do I still need the same dosage?,Glad you're following up. How have your symptoms progressed since we last spoke?,follow_up,neutral,Patient followed up regarding previous consultation. Communication was matter-of-fact.,"blood, sugar, levels, stabilized, still"
110,The nurse didn't return my urgent call about medication side effects.,I am so sorry this happened to you. There's no excuse for this kind of treatment.,complaint,apologetic,Patient reported dissatisfaction or issues. Communication included regret or apologies.,"nurse, didn't, return, urgent, about"
111,I completed the treatment but still feel fatigued - what next?,These test results raise some concerns for me. Let's take a closer look at what's happening.,follow_up,concerned,Patient followed up regarding previous consultation. Communication expressed worry or caution.,"completed, treatment, still, fatigued, next?"
112,The antidepressant dosage doesn't seem effective anymore - can we adjust?,I apologize for the confusion with your prescription. Let me fix this right away.,ask_prescription,apologetic,Patient asked for medication renewal or advice. Communication included regret or apologies.,"antidepressant, dosage, doesn't, effective, anymore"
113,There's a strange numbness in my left arm that won't go away.,These symptoms are concerning and require immediate attention. I'm not satisfied with what I'm hearing.,discuss_symptoms,negative,Patient described current health symptoms. Communication expressed concerns or dissatisfaction.,"There's, strange, numbness, won't, away."
114,What COVID safety measures are you currently following?,Insurance verification protocols require submission of credentials 48 hours prior to scheduled appointments.,general_questions,formal,Patient asked general information about services. Communication was professional and technical.,"COVID, safety, measures, currently, following?"
115,I've had a persistent headache for three days now with blurred vision.,I'm sorry you've been dealing with this discomfort. We should have caught this during your last visit.,discuss_symptoms,apologetic,Patient described current health symptoms. Communication included regret or apologies.,"persistent, headache, three, blurred, vision."
116,What are your clinic hours on holidays?,I'm sorry about the confusion regarding our policies. We need to communicate these better.,general_questions,apologetic,Patient asked general information about services. Communication included regret or apologies.,"clinic, hours, holidays?"
117,What are your clinic hours on holidays?,Insurance verification protocols require submission of credentials 48 hours prior to scheduled appointments.,general_questions,formal,Patient asked general information about services. Communication was professional and technical.,"clinic, hours, holidays?"
118,There's sharp pain in my lower right abdomen that comes and goes.,"You know, I had another patient with similar issues last week - don't worry, we'll get to the bottom of this!",discuss_symptoms,friendly,Patient described current health symptoms. Communication was warm and personable.,"There's, sharp, lower, right, abdomen"
119,My insulin prescription is running low - can you send a refill to CVS?,"Great news! Your lab results look excellent, so I'm happy to continue your current medication.",ask_prescription,positive,Patient asked for medication renewal or advice. Communication had an optimistic tone.,"insulin, prescription, running, refill"
120,I completed the treatment but still feel fatigued - what next?,These follow-up symptoms require urgent attention. Can you come to the office today?,follow_up,urgent,Patient followed up regarding previous consultation. Communication emphasized immediate action needed.,"completed, treatment, still, fatigued, next?"
121,Where can I park when coming for my appointment?,Insurance verification protocols require submission of credentials 48 hours prior to scheduled appointments.,general_questions,formal,Patient asked general information about services. Communication was professional and technical.,"Where, coming, appointment?"
122,There's a strange numbness in my left arm that won't go away.,I'm genuinely concerned about what you're experiencing. Let's take these symptoms very seriously.,discuss_symptoms,concerned,Patient described current health symptoms. Communication expressed worry or caution.,"There's, strange, numbness, won't, away."
123,I'm traveling abroad and need a 3-month supply of my blood thinners.,I'm pleased to renew this prescription for you. The treatment seems to be working very well.,ask_prescription,positive,Patient asked for medication renewal or advice. Communication had an optimistic tone.,"traveling, abroad, 3-month, supply, blood"
124,My blood sugar levels have stabilized - do I still need the same dosage?,I apologize that you're still experiencing these symptoms. We should have addressed this differently.,follow_up,apologetic,Patient followed up regarding previous consultation. Communication included regret or apologies.,"blood, sugar, levels, stabilized, still"
125,Can I book a follow-up with Dr. Smith for my post-op check?,"Upon reviewing the physician's calendar, there is availability on Thursday at 2:15pm or Friday at 10:30am.",request_appointment,formal,Patient requested a future consultation. Communication was professional and technical.,"follow-up, Smith, post-op, check?"
126,The receptionist was very rude when I called to reschedule.,Your grievance has been documented and will be addressed according to our patient resolution protocol.,complaint,formal,Patient reported dissatisfaction or issues. Communication was professional and technical.,"receptionist, called, reschedule."
127,Your online portal isn't working and I can't access my medical records.,I'm deeply troubled by what you experienced. This isn't the care standard we aim to provide.,complaint,concerned,Patient reported dissatisfaction or issues. Communication expressed worry or caution.,"online, portal, isn't, working, can't"
128,I'm experiencing shortness of breath even with minimal activity.,"According to clinical guidelines, these symptoms necessitate a comprehensive examination and possibly diagnostic imaging.",discuss_symptoms,formal,Patient described current health symptoms. Communication was professional and technical.,"experiencing, shortness, breath, minimal, activity."
129,Can you prescribe something stronger for my chronic back pain?,"Great news! Your lab results look excellent, so I'm happy to continue your current medication.",ask_prescription,positive,Patient asked for medication renewal or advice. Communication had an optimistic tone.,"prescribe, something, stronger, chronic, pain?"
130,Could I get an appointment with the cardiology department?,The scheduling protocol allows for a consultation on the requested date pending insurance verification.,request_appointment,formal,Patient requested a future consultation. Communication was professional and technical.,"Could, appointment, cardiology, department?"
131,My pharmacy says they need prior authorization for my new cholesterol meds.,I'm concerned about renewing this medication without seeing you first. These side effects are troubling.,ask_prescription,negative,Patient asked for medication renewal or advice. Communication expressed concerns or dissatisfaction.,"pharmacy, prior, authorization, cholesterol, meds."
132,I'm having bad side effects from the new medication - can we switch?,"These symptoms concern me - before renewing, I'd like to check if this medication is still right for you.",ask_prescription,concerned,Patient asked for medication renewal or advice. Communication expressed worry or caution.,"having, effects, medication, switch?"
133,I have severe diarrhea and vomiting since last night - can't keep anything down.,These symptoms are concerning and require immediate attention. I'm not satisfied with what I'm hearing.,discuss_symptoms,negative,Patient described current health symptoms. Communication expressed concerns or dissatisfaction.,"severe, diarrhea, vomiting, since, night"
134,I've been waiting 45 minutes past my scheduled appointment time.,Thank you for bringing this to our attention. This isn't our usual standard.,complaint,neutral,Patient reported dissatisfaction or issues. Communication was matter-of-fact.,"waiting, minutes, scheduled, appointment, time."
135,I'd like to make a same-day urgent appointment if possible.,"Upon reviewing the physician's calendar, there is availability on Thursday at 2:15pm or Friday at 10:30am.",request_appointment,formal,Patient requested a future consultation. Communication was professional and technical.,"same-day, urgent, appointment, possible."
136,It's been 2 weeks since my surgery - when should I come for a wound check?,These test results are not what we hoped for. We need to reconsider our approach immediately.,follow_up,negative,Patient followed up regarding previous consultation. Communication expressed concerns or dissatisfaction.,"weeks, since, surgery, should, wound"
137,Which hospital are you affiliated with for emergencies?,I apologize that our holiday schedule is so limited. I know it can make things difficult.,general_questions,apologetic,Patient asked general information about services. Communication included regret or apologies.,"Which, hospital, affiliated, emergencies?"
138,My child needs a sports physical - do you have pediatric appointments tomorrow?,"Unfortunately, we're extremely booked for the next three weeks due to staff shortages.",request_appointment,negative,Patient requested a future consultation. Communication expressed concerns or dissatisfaction.,"child, needs, sports, physical, pediatric"
139,The doctor didn't explain my diagnosis clearly - I have many unanswered questions.,This level of service is completely unacceptable. I share your frustration entirely.,complaint,negative,Patient reported dissatisfaction or issues. Communication expressed concerns or dissatisfaction.,"doctor, didn't, explain, diagnosis, clearly"
140,I've been having chest palpitations that last several minutes at a time.,These symptoms need immediate investigation. I'm going to expedite some tests right away.,discuss_symptoms,urgent,Patient described current health symptoms. Communication emphasized immediate action needed.,"having, chest, palpitations, several, minutes"
141,Do you accept my new insurance plan?,This information is critical - our emergency services remain open 24/7 including all holidays.,general_questions,urgent,Patient asked general information about services. Communication emphasized immediate action needed.,"accept, insurance, plan?"
142,My pharmacy says they need prior authorization for my new cholesterol meds.,I'm a bit worried about these side effects you're mentioning. Let's discuss alternatives to this medication.,ask_prescription,concerned,Patient asked for medication renewal or advice. Communication expressed worry or caution.,"pharmacy, prior, authorization, cholesterol, meds."
143,What COVID safety measures are you currently following?,Great question! We're pleased to offer extended holiday hours for your convenience.,general_questions,positive,Patient asked general information about services. Communication had an optimistic tone.,"COVID, safety, measures, currently, following?"
144,What's your policy on late cancellations?,I'm happy to confirm that we accept your insurance with excellent coverage options.,general_questions,positive,Patient asked general information about services. Communication had an optimistic tone.,"What's, policy, cancellations?"
145,Which hospital are you affiliated with for emergencies?,The facility operational hours during designated holidays are restricted to 10am-2pm for essential services only.,general_questions,formal,Patient asked general information about services. Communication was professional and technical.,"Which, hospital, affiliated, emergencies?"
146,I'm having bad side effects from the new medication - can we switch?,"Upon review of your medical history, a prescription renewal is authorized pending pharmacy verification.",ask_prescription,formal,Patient asked for medication renewal or advice. Communication was professional and technical.,"having, effects, medication, switch?"
147,What are your clinic hours on holidays?,This information is critical - our emergency services remain open 24/7 including all holidays.,general_questions,urgent,Patient asked general information about services. Communication emphasized immediate action needed.,"clinic, hours, holidays?"
148,I have severe diarrhea and vomiting since last night - can't keep anything down.,I apologize that you've been suffering. The healthcare system can sometimes miss these early signs.,discuss_symptoms,apologetic,Patient described current health symptoms. Communication included regret or apologies.,"severe, diarrhea, vomiting, since, night"
149,There's a strange numbness in my left arm that won't go away.,I'm quite worried about these symptoms. They indicate a potentially serious condition we need to address.,discuss_symptoms,negative,Patient described current health symptoms. Communication expressed concerns or dissatisfaction.,"There's, strange, numbness, won't, away."
150,The billing department charged me for services I never received.,Thank you so much for this feedback. It's patients like you who help us improve our services.,complaint,positive,Patient reported dissatisfaction or issues. Communication had an optimistic tone.,"billing, department, charged, services, never"
151,I've been having chest palpitations that last several minutes at a time.,"I hear you're really going through a tough time with these symptoms. Let's figure this out together, okay?",discuss_symptoms,friendly,Patient described current health symptoms. Communication was warm and personable.,"having, chest, palpitations, several, minutes"
152,The nurse didn't return my urgent call about medication side effects.,Oh no! That definitely wasn't supposed to happen! Let me help make this right for you.,complaint,friendly,Patient reported dissatisfaction or issues. Communication was warm and personable.,"nurse, didn't, return, urgent, about"
153,The billing department charged me for services I never received.,"Given the severity of this issue, I'm taking immediate steps to address it today.",complaint,urgent,Patient reported dissatisfaction or issues. Communication emphasized immediate action needed.,"billing, department, charged, services, never"
154,Do you accept my new insurance plan?,We accept most major insurance plans. May I have your member ID to verify?,general_questions,neutral,Patient asked general information about services. Communication was matter-of-fact.,"accept, insurance, plan?"
155,I need to schedule a physical exam before my overseas trip next month.,Great news! We have several convenient openings that should work perfectly for your schedule.,request_appointment,positive,Patient requested a future consultation. Communication had an optimistic tone.,"schedule, physical, before, overseas, month."
156,I'm experiencing shortness of breath even with minimal activity.,These symptoms are concerning and require immediate attention. I'm not satisfied with what I'm hearing.,discuss_symptoms,negative,Patient described current health symptoms. Communication expressed concerns or dissatisfaction.,"experiencing, shortness, breath, minimal, activity."
157,I noticed blood in my urine this morning with some burning sensation.,That sounds notable. Have you noticed any triggers or patterns to when this occurs?,discuss_symptoms,neutral,Patient described current health symptoms. Communication was matter-of-fact.,"noticed, blood, urine, morning, burning"
158,I've been having chest palpitations that last several minutes at a time.,"I hear you're really going through a tough time with these symptoms. Let's figure this out together, okay?",discuss_symptoms,friendly,Patient described current health symptoms. Communication was warm and personable.,"having, chest, palpitations, several, minutes"
159,Do I need a new prescription for my ongoing thyroid medication?,No problem at all with that refill! I'll take care of it right away so you don't have to worry.,ask_prescription,friendly,Patient asked for medication renewal or advice. Communication was warm and personable.,"prescription, ongoing, thyroid, medication?"
160,My blood sugar levels have stabilized - do I still need the same dosage?,I'm not satisfied with your progress. These symptoms indicate the treatment isn't working.,follow_up,negative,Patient followed up regarding previous consultation. Communication expressed concerns or dissatisfaction.,"blood, sugar, levels, stabilized, still"
161,My child needs a sports physical - do you have pediatric appointments tomorrow?,"Unfortunately, we're extremely booked for the next three weeks due to staff shortages.",request_appointment,negative,Patient requested a future consultation. Communication expressed concerns or dissatisfaction.,"child, needs, sports, physical, pediatric"
162,I'm having bad side effects from the new medication - can we switch?,I apologize for the confusion with your prescription. Let me fix this right away.,ask_prescription,apologetic,Patient asked for medication renewal or advice. Communication included regret or apologies.,"having, effects, medication, switch?"
163,The prescription you sent was out of stock at my pharmacy with no alternatives.,This level of service is completely unacceptable. I share your frustration entirely.,complaint,negative,Patient reported dissatisfaction or issues. Communication expressed concerns or dissatisfaction.,"prescription, stock, pharmacy, alternatives."
164,The prescription you sent was out of stock at my pharmacy with no alternatives.,Your experience worries me greatly. No patient should face these kinds of issues.,complaint,concerned,Patient reported dissatisfaction or issues. Communication expressed worry or caution.,"prescription, stock, pharmacy, alternatives."
165,I'd like to make a same-day urgent appointment if possible.,I'm so sorry about the wait times lately. Let me do my best to find something that works for you.,request_appointment,apologetic,Patient requested a future consultation. Communication included regret or apologies.,"same-day, urgent, appointment, possible."
166,The billing department charged me for services I never received.,This level of service is completely unacceptable. I share your frustration entirely.,complaint,negative,Patient reported dissatisfaction or issues. Communication expressed concerns or dissatisfaction.,"billing, department, charged, services, never"
167,"My joints are swollen and painful, especially in the mornings.","I understand your concern and I'm glad you came in. Based on what you're describing, we have several good treatment options.",discuss_symptoms,positive,Patient described current health symptoms. Communication had an optimistic tone.,"joints, swollen, painful,, especially, mornings."
168,The physical therapy exercises caused more pain - is this normal?,Glad you're following up. How have your symptoms progressed since we last spoke?,follow_up,neutral,Patient followed up regarding previous consultation. Communication was matter-of-fact.,"physical, therapy, exercises, caused, normal?"
169,The physical therapy exercises caused more pain - is this normal?,I'm very encouraged by your progress! The treatment is working exactly as we hoped.,follow_up,positive,Patient followed up regarding previous consultation. Communication had an optimistic tone.,"physical, therapy, exercises, caused, normal?"
170,I lost my prescription slip for the antibiotics - can you reissue?,"Hey, thanks for the heads-up about running low! I'll get that sent over to your pharmacy today.",ask_prescription,friendly,Patient asked for medication renewal or advice. Communication was warm and personable.,"prescription, antibiotics, reissue?"
171,I noticed blood in my urine this morning with some burning sensation.,These symptoms need immediate investigation. I'm going to expedite some tests right away.,discuss_symptoms,urgent,Patient described current health symptoms. Communication emphasized immediate action needed.,"noticed, blood, urine, morning, burning"
172,The doctor didn't explain my diagnosis clearly - I have many unanswered questions.,I understand your concern. Let me look into this matter for you.,complaint,neutral,Patient reported dissatisfaction or issues. Communication was matter-of-fact.,"doctor, didn't, explain, diagnosis, clearly"
173,The nurse didn't return my urgent call about medication side effects.,"I'm totally with you on this one - that experience wasn't okay, and we can do better!",complaint,friendly,Patient reported dissatisfaction or issues. Communication was warm and personable.,"nurse, didn't, return, urgent, about"
174,What are your clinic hours on holidays?,We accept most major insurance plans. May I have your member ID to verify?,general_questions,neutral,Patient asked general information about services. Communication was matter-of-fact.,"clinic, hours, holidays?"
175,How do I get a copy of my medical records transferred to another provider?,"For urgent needs, please note our special holiday triage line is always available.",general_questions,urgent,Patient asked general information about services. Communication emphasized immediate action needed.,"medical, records, transferred, another, provider?"
176,What's your policy on late cancellations?,I'm concerned about your insurance coverage. Let me check some details to make sure you're fully covered.,general_questions,concerned,Patient asked general information about services. Communication expressed worry or caution.,"What's, policy, cancellations?"
177,I've been waiting 45 minutes past my scheduled appointment time.,The administrative team will conduct a thorough investigation into the reported procedural deviation.,complaint,formal,Patient reported dissatisfaction or issues. Communication was professional and technical.,"waiting, minutes, scheduled, appointment, time."
178,My test results were supposed to be ready yesterday but still aren't available.,I appreciate you bringing this to our attention. We're always looking for ways to do better.,complaint,positive,Patient reported dissatisfaction or issues. Communication had an optimistic tone.,"results, supposed, ready, yesterday, still"
179,I've been tracking my blood pressure as instructed - should I continue the meds?,Let's review your case. What improvements have you noticed with the treatment?,follow_up,neutral,Patient followed up regarding previous consultation. Communication was matter-of-fact.,"tracking, blood, pressure, instructed, should"
180,I need to schedule my annual diabetes screening and checkup.,"Given your situation, I'll rearrange the schedule to fit you in today. This can't wait.",request_appointment,urgent,Patient requested a future consultation. Communication emphasized immediate action needed.,"schedule, annual, diabetes, screening, checkup."
181,The prescription you sent was out of stock at my pharmacy with no alternatives.,Oh no! That definitely wasn't supposed to happen! Let me help make this right for you.,complaint,friendly,Patient reported dissatisfaction or issues. Communication was warm and personable.,"prescription, stock, pharmacy, alternatives."
182,The prescription you sent was out of stock at my pharmacy with no alternatives.,Oh no! That definitely wasn't supposed to happen! Let me help make this right for you.,complaint,friendly,Patient reported dissatisfaction or issues. Communication was warm and personable.,"prescription, stock, pharmacy, alternatives."
183,What's your policy on late cancellations?,I'm happy to confirm that we accept your insurance with excellent coverage options.,general_questions,positive,Patient asked general information about services. Communication had an optimistic tone.,"What's, policy, cancellations?"
184,Do I need a new prescription for my ongoing thyroid medication?,I'm concerned about renewing this medication without seeing you first. These side effects are troubling.,ask_prescription,negative,Patient asked for medication renewal or advice. Communication expressed concerns or dissatisfaction.,"prescription, ongoing, thyroid, medication?"
185,Your online portal isn't working and I can't access my medical records.,I understand your concern. Let me look into this matter for you.,complaint,neutral,Patient reported dissatisfaction or issues. Communication was matter-of-fact.,"online, portal, isn't, working, can't"
186,Which hospital are you affiliated with for emergencies?,I apologize that our holiday schedule is so limited. I know it can make things difficult.,general_questions,apologetic,Patient asked general information about services. Communication included regret or apologies.,"Which, hospital, affiliated, emergencies?"
187,"My joints are swollen and painful, especially in the mornings.",I'm quite worried about these symptoms. They indicate a potentially serious condition we need to address.,discuss_symptoms,negative,Patient described current health symptoms. Communication expressed concerns or dissatisfaction.,"joints, swollen, painful,, especially, mornings."
188,My child needs a sports physical - do you have pediatric appointments tomorrow?,Let me check our availability. Are you looking for something this week or next?,request_appointment,neutral,Patient requested a future consultation. Communication was matter-of-fact.,"child, needs, sports, physical, pediatric"
189,Could I get an appointment with the cardiology department?,I can help with that. Would you prefer an early morning or late afternoon appointment?,request_appointment,neutral,Patient requested a future consultation. Communication was matter-of-fact.,"Could, appointment, cardiology, department?"
190,I have severe diarrhea and vomiting since last night - can't keep anything down.,"I understand your concern and I'm glad you came in. Based on what you're describing, we have several good treatment options.",discuss_symptoms,positive,Patient described current health symptoms. Communication had an optimistic tone.,"severe, diarrhea, vomiting, since, night"
191,I've been tracking my blood pressure as instructed - should I continue the meds?,I'm actually quite worried about these lingering symptoms. They shouldn't still be present.,follow_up,concerned,Patient followed up regarding previous consultation. Communication expressed worry or caution.,"tracking, blood, pressure, instructed, should"
192,The nurse didn't return my urgent call about medication side effects.,I am so sorry this happened to you. There's no excuse for this kind of treatment.,complaint,apologetic,Patient reported dissatisfaction or issues. Communication included regret or apologies.,"nurse, didn't, return, urgent, about"
193,I noticed blood in my urine this morning with some burning sensation.,"Given what you've described, we need to run tests immediately. This requires urgent attention.",discuss_symptoms,urgent,Patient described current health symptoms. Communication emphasized immediate action needed.,"noticed, blood, urine, morning, burning"
194,The receptionist was very rude when I called to reschedule.,I understand your concern. Let me look into this matter for you.,complaint,neutral,Patient reported dissatisfaction or issues. Communication was matter-of-fact.,"receptionist, called, reschedule."
195,I need to schedule my annual diabetes screening and checkup.,"You know what, I remember you from your last visit! Let's find a perfect time that works for you.",request_appointment,friendly,Patient requested a future consultation. Communication was warm and personable.,"schedule, annual, diabetes, screening, checkup."
196,It's been 2 weeks since my surgery - when should I come for a wound check?,I'm very encouraged by your progress! The treatment is working exactly as we hoped.,follow_up,positive,Patient followed up regarding previous consultation. Communication had an optimistic tone.,"weeks, since, surgery, should, wound"
197,The nurse didn't return my urgent call about medication side effects.,"Given the severity of this issue, I'm taking immediate steps to address it today.",complaint,urgent,Patient reported dissatisfaction or issues. Communication emphasized immediate action needed.,"nurse, didn't, return, urgent, about"
198,Are there any weekend slots available for a general consultation?,I regret to inform you that Dr. Smith's schedule is completely full for the next month.,request_appointment,negative,Patient requested a future consultation. Communication expressed concerns or dissatisfaction.,"there, weekend, slots, available, general"
199,The biopsy results came back - can we discuss them at my next visit?,Let's review your case. What improvements have you noticed with the treatment?,follow_up,neutral,Patient followed up regarding previous consultation. Communication was matter-of-fact.,"biopsy, results, discuss, visit?"
200,My test results were supposed to be ready yesterday but still aren't available.,This level of service is completely unacceptable. I share your frustration entirely.,complaint,negative,Patient reported dissatisfaction or issues. Communication expressed concerns or dissatisfaction.,"results, supposed, ready, yesterday, still"
201,I have severe diarrhea and vomiting since last night - can't keep anything down.,These symptoms raise some red flags for me. I want to make sure we don't miss anything important.,discuss_symptoms,concerned,Patient described current health symptoms. Communication expressed worry or caution.,"severe, diarrhea, vomiting, since, night"
202,There's sharp pain in my lower right abdomen that comes and goes.,I understand this must be worrying. How long exactly have you been experiencing these symptoms?,discuss_symptoms,neutral,Patient described current health symptoms. Communication was matter-of-fact.,"There's, sharp, lower, right, abdomen"
203,Can you prescribe something stronger for my chronic back pain?,"Let me verify - you need a refill for your medication, correct?",ask_prescription,neutral,Patient asked for medication renewal or advice. Communication was matter-of-fact.,"prescribe, something, stronger, chronic, pain?"
204,Where can I park when coming for my appointment?,"Unfortunately, our holiday hours are significantly reduced due to staffing limitations.",general_questions,negative,Patient asked general information about services. Communication expressed concerns or dissatisfaction.,"Where, coming, appointment?"
205,Can you prescribe something stronger for my chronic back pain?,"These symptoms concern me - before renewing, I'd like to check if this medication is still right for you.",ask_prescription,concerned,Patient asked for medication renewal or advice. Communication expressed worry or caution.,"prescribe, something, stronger, chronic, pain?"
206,I've been having chest palpitations that last several minutes at a time.,I understand this must be worrying. How long exactly have you been experiencing these symptoms?,discuss_symptoms,neutral,Patient described current health symptoms. Communication was matter-of-fact.,"having, chest, palpitations, several, minutes"
207,I lost my prescription slip for the antibiotics - can you reissue?,"Let me verify - you need a refill for your medication, correct?",ask_prescription,neutral,Patient asked for medication renewal or advice. Communication was matter-of-fact.,"prescription, antibiotics, reissue?"
208,I've been waiting 45 minutes past my scheduled appointment time.,Your experience worries me greatly. No patient should face these kinds of issues.,complaint,concerned,Patient reported dissatisfaction or issues. Communication expressed worry or caution.,"waiting, minutes, scheduled, appointment, time."
209,I have severe diarrhea and vomiting since last night - can't keep anything down.,I apologize that you've been suffering. The healthcare system can sometimes miss these early signs.,discuss_symptoms,apologetic,Patient described current health symptoms. Communication included regret or apologies.,"severe, diarrhea, vomiting, since, night"
210,I need to schedule a physical exam before my overseas trip next month.,I apologize for the scheduling difficulties. We're working to improve our availability.,request_appointment,apologetic,Patient requested a future consultation. Communication included regret or apologies.,"schedule, physical, before, overseas, month."
211,I've been tracking my blood pressure as instructed - should I continue the meds?,These are excellent results. You're responding to treatment better than expected.,follow_up,positive,Patient followed up regarding previous consultation. Communication had an optimistic tone.,"tracking, blood, pressure, instructed, should"
212,My test results were supposed to be ready yesterday but still aren't available.,I understand your concern. Let me look into this matter for you.,complaint,neutral,Patient reported dissatisfaction or issues. Communication was matter-of-fact.,"results, supposed, ready, yesterday, still"
213,What's your policy on late cancellations?,I'm happy to confirm that we accept your insurance with excellent coverage options.,general_questions,positive,Patient asked general information about services. Communication had an optimistic tone.,"What's, policy, cancellations?"
214,The rash has spread despite using the prescribed cream - what now?,"Given what you're describing, I need you to come in immediately for reassessment.",follow_up,urgent,Patient followed up regarding previous consultation. Communication emphasized immediate action needed.,"spread, despite, using, prescribed, cream"
215,The billing department charged me for services I never received.,I am so sorry this happened to you. There's no excuse for this kind of treatment.,complaint,apologetic,Patient reported dissatisfaction or issues. Communication included regret or apologies.,"billing, department, charged, services, never"
216,Do I need a new prescription for my ongoing thyroid medication?,I apologize for the confusion with your prescription. Let me fix this right away.,ask_prescription,apologetic,Patient asked for medication renewal or advice. Communication included regret or apologies.,"prescription, ongoing, thyroid, medication?"
217,Can you prescribe something stronger for my chronic back pain?,This is critical - I'm sending an emergency prescription to your pharmacy to be ready within the hour.,ask_prescription,urgent,Patient asked for medication renewal or advice. Communication emphasized immediate action needed.,"prescribe, something, stronger, chronic, pain?"
218,I've had a persistent headache for three days now with blurred vision.,These symptoms need immediate investigation. I'm going to expedite some tests right away.,discuss_symptoms,urgent,Patient described current health symptoms. Communication emphasized immediate action needed.,"persistent, headache, three, blurred, vision."
219,The billing department charged me for services I never received.,This level of service is completely unacceptable. I share your frustration entirely.,complaint,negative,Patient reported dissatisfaction or issues. Communication expressed concerns or dissatisfaction.,"billing, department, charged, services, never"
220,How do I get a copy of my medical records transferred to another provider?,"Oh, holidays are actually when we have our most flexible hours! We try to make it super convenient!",general_questions,friendly,Patient asked general information about services. Communication was warm and personable.,"medical, records, transferred, another, provider?"
221,Do I need a new prescription for my ongoing thyroid medication?,I'm a bit worried about these side effects you're mentioning. Let's discuss alternatives to this medication.,ask_prescription,concerned,Patient asked for medication renewal or advice. Communication expressed worry or caution.,"prescription, ongoing, thyroid, medication?"
222,I need to schedule my annual diabetes screening and checkup.,"Based on what you're describing, I think we should get you in sooner rather than later. How's tomorrow?",request_appointment,concerned,Patient requested a future consultation. Communication expressed worry or caution.,"schedule, annual, diabetes, screening, checkup."
223,The billing department charged me for services I never received.,"I'm totally with you on this one - that experience wasn't okay, and we can do better!",complaint,friendly,Patient reported dissatisfaction or issues. Communication was warm and personable.,"billing, department, charged, services, never"
224,I'm having bad side effects from the new medication - can we switch?,I'm concerned about renewing this medication without seeing you first. These side effects are troubling.,ask_prescription,negative,Patient asked for medication renewal or advice. Communication expressed concerns or dissatisfaction.,"having, effects, medication, switch?"
225,Which hospital are you affiliated with for emergencies?,This information is critical - our emergency services remain open 24/7 including all holidays.,general_questions,urgent,Patient asked general information about services. Communication emphasized immediate action needed.,"Which, hospital, affiliated, emergencies?"
226,I'd prefer a telehealth visit if available - when's the next opening?,I'm putting you down for our emergency slot at 3pm today. Please arrive 15 minutes early.,request_appointment,urgent,Patient requested a future consultation. Communication emphasized immediate action needed.,"prefer, telehealth, visit, available, when's"
227,I need to schedule my annual diabetes screening and checkup.,"Upon reviewing the physician's calendar, there is availability on Thursday at 2:15pm or Friday at 10:30am.",request_appointment,formal,Patient requested a future consultation. Communication was professional and technical.,"schedule, annual, diabetes, screening, checkup."
228,There's sharp pain in my lower right abdomen that comes and goes.,I'm quite worried about these symptoms. They indicate a potentially serious condition we need to address.,discuss_symptoms,negative,Patient described current health symptoms. Communication expressed concerns or dissatisfaction.,"There's, sharp, lower, right, abdomen"
229,I'd like to make a same-day urgent appointment if possible.,I'm a bit worried about waiting too long for this appointment. Let me see what I can do to expedite it.,request_appointment,concerned,Patient requested a future consultation. Communication expressed worry or caution.,"same-day, urgent, appointment, possible."
230,I have severe diarrhea and vomiting since last night - can't keep anything down.,I'm genuinely concerned about what you're experiencing. Let's take these symptoms very seriously.,discuss_symptoms,concerned,Patient described current health symptoms. Communication expressed worry or caution.,"severe, diarrhea, vomiting, since, night"
231,I'd like to make a same-day urgent appointment if possible.,I'm so sorry about the wait times lately. Let me do my best to find something that works for you.,request_appointment,apologetic,Patient requested a future consultation. Communication included regret or apologies.,"same-day, urgent, appointment, possible."
232,I completed the treatment but still feel fatigued - what next?,"You know, I've been thinking about your case - sounds like you're really making progress!",follow_up,friendly,Patient followed up regarding previous consultation. Communication was warm and personable.,"completed, treatment, still, fatigued, next?"
233,I noticed blood in my urine this morning with some burning sensation.,Thank you for providing such clear details about your symptoms. This gives us a promising starting point for treatment.,discuss_symptoms,positive,Patient described current health symptoms. Communication had an optimistic tone.,"noticed, blood, urine, morning, burning"
234,Do I need a new prescription for my ongoing thyroid medication?,I can certainly renew that. Has your current dosage been effective for you?,ask_prescription,neutral,Patient asked for medication renewal or advice. Communication was matter-of-fact.,"prescription, ongoing, thyroid, medication?"
235,My child needs a sports physical - do you have pediatric appointments tomorrow?,The scheduling protocol allows for a consultation on the requested date pending insurance verification.,request_appointment,formal,Patient requested a future consultation. Communication was professional and technical.,"child, needs, sports, physical, pediatric"
236,I'd like to make a same-day urgent appointment if possible.,I'm a bit worried about waiting too long for this appointment. Let me see what I can do to expedite it.,request_appointment,concerned,Patient requested a future consultation. Communication expressed worry or caution.,"same-day, urgent, appointment, possible."
237,Could I get an appointment with the cardiology department?,I regret to inform you that Dr. Smith's schedule is completely full for the next month.,request_appointment,negative,Patient requested a future consultation. Communication expressed concerns or dissatisfaction.,"Could, appointment, cardiology, department?"
238,I lost my prescription slip for the antibiotics - can you reissue?,I'm sorry you've been experiencing these medication issues. That must be frustrating.,ask_prescription,apologetic,Patient asked for medication renewal or advice. Communication included regret or apologies.,"prescription, antibiotics, reissue?"
239,The nurse didn't return my urgent call about medication side effects.,The administrative team will conduct a thorough investigation into the reported procedural deviation.,complaint,formal,Patient reported dissatisfaction or issues. Communication was professional and technical.,"nurse, didn't, return, urgent, about"
240,I'm traveling abroad and need a 3-month supply of my blood thinners.,The clinical protocol indicates that medication adjustment may be warranted based on reported efficacy.,ask_prescription,formal,Patient asked for medication renewal or advice. Communication was professional and technical.,"traveling, abroad, 3-month, supply, blood"
241,The rash has spread despite using the prescribed cream - what now?,I'm sorry the treatment hasn't provided the relief we expected. Let's try a different approach.,follow_up,apologetic,Patient followed up regarding previous consultation. Communication included regret or apologies.,"spread, despite, using, prescribed, cream"
242,The rash has spread despite using the prescribed cream - what now?,The post-procedure assessment indicates satisfactory healing with no contraindications for resuming normal activity.,follow_up,formal,Patient followed up regarding previous consultation. Communication was professional and technical.,"spread, despite, using, prescribed, cream"
243,The antibiotics helped but my sinus infection isn't completely gone.,I'm not satisfied with your progress. These symptoms indicate the treatment isn't working.,follow_up,negative,Patient followed up regarding previous consultation. Communication expressed concerns or dissatisfaction.,"antibiotics, helped, sinus, infection, isn't"
244,Your online portal isn't working and I can't access my medical records.,Thank you so much for this feedback. It's patients like you who help us improve our services.,complaint,positive,Patient reported dissatisfaction or issues. Communication had an optimistic tone.,"online, portal, isn't, working, can't"
245,I need to schedule a physical exam before my overseas trip next month.,I'm so sorry about the wait times lately. Let me do my best to find something that works for you.,request_appointment,apologetic,Patient requested a future consultation. Communication included regret or apologies.,"schedule, physical, before, overseas, month."
246,The nurse didn't return my urgent call about medication side effects.,This requires immediate attention. I'm escalating this to our director right now.,complaint,urgent,Patient reported dissatisfaction or issues. Communication emphasized immediate action needed.,"nurse, didn't, return, urgent, about"
247,I'm experiencing shortness of breath even with minimal activity.,That sounds notable. Have you noticed any triggers or patterns to when this occurs?,discuss_symptoms,neutral,Patient described current health symptoms. Communication was matter-of-fact.,"experiencing, shortness, breath, minimal, activity."
248,I lost my prescription slip for the antibiotics - can you reissue?,"Upon review of your medical history, a prescription renewal is authorized pending pharmacy verification.",ask_prescription,formal,Patient asked for medication renewal or advice. Communication was professional and technical.,"prescription, antibiotics, reissue?"
249,Your online portal isn't working and I can't access my medical records.,I sincerely apologize for this experience - it's completely our fault and we will make it right.,complaint,apologetic,Patient reported dissatisfaction or issues. Communication included regret or apologies.,"online, portal, isn't, working, can't"
250,I noticed blood in my urine this morning with some burning sensation.,"Upon initial assessment, your described symptoms suggest several potential diagnoses that warrant further investigation.",discuss_symptoms,formal,Patient described current health symptoms. Communication was professional and technical.,"noticed, blood, urine, morning, burning"
251,I'm traveling abroad and need a 3-month supply of my blood thinners.,"Hey, thanks for the heads-up about running low! I'll get that sent over to your pharmacy today.",ask_prescription,friendly,Patient asked for medication renewal or advice. Communication was warm and personable.,"traveling, abroad, 3-month, supply, blood"
252,Do you provide interpreter services for non-English speakers?,"For urgent needs, please note our special holiday triage line is always available.",general_questions,urgent,Patient asked general information about services. Communication emphasized immediate action needed.,"provide, interpreter, services, non-English, speakers?"
253,Do you provide interpreter services for non-English speakers?,I apologize that our holiday schedule is so limited. I know it can make things difficult.,general_questions,apologetic,Patient asked general information about services. Communication included regret or apologies.,"provide, interpreter, services, non-English, speakers?"
254,I've been having chest palpitations that last several minutes at a time.,"Upon initial assessment, your described symptoms suggest several potential diagnoses that warrant further investigation.",discuss_symptoms,formal,Patient described current health symptoms. Communication was professional and technical.,"having, chest, palpitations, several, minutes"
255,I need to schedule a physical exam before my overseas trip next month.,"You know what, I remember you from your last visit! Let's find a perfect time that works for you.",request_appointment,friendly,Patient requested a future consultation. Communication was warm and personable.,"schedule, physical, before, overseas, month."
256,My blood sugar levels have stabilized - do I still need the same dosage?,"You know, I've been thinking about your case - sounds like you're really making progress!",follow_up,friendly,Patient followed up regarding previous consultation. Communication was warm and personable.,"blood, sugar, levels, stabilized, still"
257,I completed the treatment but still feel fatigued - what next?,These test results raise some concerns for me. Let's take a closer look at what's happening.,follow_up,concerned,Patient followed up regarding previous consultation. Communication expressed worry or caution.,"completed, treatment, still, fatigued, next?"
258,My blood sugar levels have stabilized - do I still need the same dosage?,I'm not satisfied with your progress. These symptoms indicate the treatment isn't working.,follow_up,negative,Patient followed up regarding previous consultation. Communication expressed concerns or dissatisfaction.,"blood, sugar, levels, stabilized, still"
259,The receptionist was very rude when I called to reschedule.,I sincerely apologize for this experience - it's completely our fault and we will make it right.,complaint,apologetic,Patient reported dissatisfaction or issues. Communication included regret or apologies.,"receptionist, called, reschedule."
260,Can I book a follow-up with Dr. Smith for my post-op check?,I regret to inform you that Dr. Smith's schedule is completely full for the next month.,request_appointment,negative,Patient requested a future consultation. Communication expressed concerns or dissatisfaction.,"follow-up, Smith, post-op, check?"
261,My pharmacy says they need prior authorization for my new cholesterol meds.,"Unfortunately, I cannot authorize this refill until we address these concerning lab results.",ask_prescription,negative,Patient asked for medication renewal or advice. Communication expressed concerns or dissatisfaction.,"pharmacy, prior, authorization, cholesterol, meds."
262,How do I get a copy of my medical records transferred to another provider?,Insurance verification protocols require submission of credentials 48 hours prior to scheduled appointments.,general_questions,formal,Patient asked general information about services. Communication was professional and technical.,"medical, records, transferred, another, provider?"
263,What's your policy on late cancellations?,Great question! We're pleased to offer extended holiday hours for your convenience.,general_questions,positive,Patient asked general information about services. Communication had an optimistic tone.,"What's, policy, cancellations?"
264,I've been waiting 45 minutes past my scheduled appointment time.,Your experience worries me greatly. No patient should face these kinds of issues.,complaint,concerned,Patient reported dissatisfaction or issues. Communication expressed worry or caution.,"waiting, minutes, scheduled, appointment, time."
265,I've had a persistent headache for three days now with blurred vision.,These symptoms raise some red flags for me. I want to make sure we don't miss anything important.,discuss_symptoms,concerned,Patient described current health symptoms. Communication expressed worry or caution.,"persistent, headache, three, blurred, vision."
266,The physical therapy exercises caused more pain - is this normal?,These test results raise some concerns for me. Let's take a closer look at what's happening.,follow_up,concerned,Patient followed up regarding previous consultation. Communication expressed worry or caution.,"physical, therapy, exercises, caused, normal?"
267,I'd like to make a same-day urgent appointment if possible.,"Given your situation, I'll rearrange the schedule to fit you in today. This can't wait.",request_appointment,urgent,Patient requested a future consultation. Communication emphasized immediate action needed.,"same-day, urgent, appointment, possible."
268,Where can I park when coming for my appointment?,I regret to inform you that we no longer accept that insurance plan as of last month.,general_questions,negative,Patient asked general information about services. Communication expressed concerns or dissatisfaction.,"Where, coming, appointment?"
269,My child needs a sports physical - do you have pediatric appointments tomorrow?,"You know what, I remember you from your last visit! Let's find a perfect time that works for you.",request_appointment,friendly,Patient requested a future consultation. Communication was warm and personable.,"child, needs, sports, physical, pediatric"
270,I've been having chest palpitations that last several minutes at a time.,I'm sorry you've been dealing with this discomfort. We should have caught this during your last visit.,discuss_symptoms,apologetic,Patient described current health symptoms. Communication included regret or apologies.,"having, chest, palpitations, several, minutes"
271,There's a strange numbness in my left arm that won't go away.,"You know, I had another patient with similar issues last week - don't worry, we'll get to the bottom of this!",discuss_symptoms,friendly,Patient described current health symptoms. Communication was warm and personable.,"There's, strange, numbness, won't, away."
272,The physical therapy exercises caused more pain - is this normal?,I'm not satisfied with your progress. These symptoms indicate the treatment isn't working.,follow_up,negative,Patient followed up regarding previous consultation. Communication expressed concerns or dissatisfaction.,"physical, therapy, exercises, caused, normal?"
273,The receptionist was very rude when I called to reschedule.,Your experience worries me greatly. No patient should face these kinds of issues.,complaint,concerned,Patient reported dissatisfaction or issues. Communication expressed worry or caution.,"receptionist, called, reschedule."
274,The billing department charged me for services I never received.,I appreciate you bringing this to our attention. We're always looking for ways to do better.,complaint,positive,Patient reported dissatisfaction or issues. Communication had an optimistic tone.,"billing, department, charged, services, never"
275,The doctor didn't explain my diagnosis clearly - I have many unanswered questions.,Your grievance has been documented and will be addressed according to our patient resolution protocol.,complaint,formal,Patient reported dissatisfaction or issues. Communication was professional and technical.,"doctor, didn't, explain, diagnosis, clearly"
276,I need to schedule my annual diabetes screening and checkup.,I'm putting you down for our emergency slot at 3pm today. Please arrive 15 minutes early.,request_appointment,urgent,Patient requested a future consultation. Communication emphasized immediate action needed.,"schedule, annual, diabetes, screening, checkup."
277,I've had a persistent headache for three days now with blurred vision.,"I understand your concern and I'm glad you came in. Based on what you're describing, we have several good treatment options.",discuss_symptoms,positive,Patient described current health symptoms. Communication had an optimistic tone.,"persistent, headache, three, blurred, vision."
278,I have severe diarrhea and vomiting since last night - can't keep anything down.,"According to clinical guidelines, these symptoms necessitate a comprehensive examination and possibly diagnostic imaging.",discuss_symptoms,formal,Patient described current health symptoms. Communication was professional and technical.,"severe, diarrhea, vomiting, since, night"
279,I noticed blood in my urine this morning with some burning sensation.,"I hear you're really going through a tough time with these symptoms. Let's figure this out together, okay?",discuss_symptoms,friendly,Patient described current health symptoms. Communication was warm and personable.,"noticed, blood, urine, morning, burning"
280,The antibiotics helped but my sinus infection isn't completely gone.,Let's review your case. What improvements have you noticed with the treatment?,follow_up,neutral,Patient followed up regarding previous consultation. Communication was matter-of-fact.,"antibiotics, helped, sinus, infection, isn't"
281,The antidepressant dosage doesn't seem effective anymore - can we adjust?,I'm pleased to renew this prescription for you. The treatment seems to be working very well.,ask_prescription,positive,Patient asked for medication renewal or advice. Communication had an optimistic tone.,"antidepressant, dosage, doesn't, effective, anymore"
282,The receptionist was very rude when I called to reschedule.,The administrative team will conduct a thorough investigation into the reported procedural deviation.,complaint,formal,Patient reported dissatisfaction or issues. Communication was professional and technical.,"receptionist, called, reschedule."
283,The antidepressant dosage doesn't seem effective anymore - can we adjust?,I'm a bit worried about these side effects you're mentioning. Let's discuss alternatives to this medication.,ask_prescription,concerned,Patient asked for medication renewal or advice. Communication expressed worry or caution.,"antidepressant, dosage, doesn't, effective, anymore"
284,The receptionist was very rude when I called to reschedule.,I appreciate you bringing this to our attention. We're always looking for ways to do better.,complaint,positive,Patient reported dissatisfaction or issues. Communication had an optimistic tone.,"receptionist, called, reschedule."
285,The antibiotics helped but my sinus infection isn't completely gone.,I apologize that you're still experiencing these symptoms. We should have addressed this differently.,follow_up,apologetic,Patient followed up regarding previous consultation. Communication included regret or apologies.,"antibiotics, helped, sinus, infection, isn't"
286,My insulin prescription is running low - can you send a refill to CVS?,No problem at all with that refill! I'll take care of it right away so you don't have to worry.,ask_prescription,friendly,Patient asked for medication renewal or advice. Communication was warm and personable.,"insulin, prescription, running, refill"
287,What's your policy on late cancellations?,I'm concerned about your insurance coverage. Let me check some details to make sure you're fully covered.,general_questions,concerned,Patient asked general information about services. Communication expressed worry or caution.,"What's, policy, cancellations?"
288,What's your policy on late cancellations?,This information is critical - our emergency services remain open 24/7 including all holidays.,general_questions,urgent,Patient asked general information about services. Communication emphasized immediate action needed.,"What's, policy, cancellations?"
289,Which hospital are you affiliated with for emergencies?,"For urgent needs, please note our special holiday triage line is always available.",general_questions,urgent,Patient asked general information about services. Communication emphasized immediate action needed.,"Which, hospital, affiliated, emergencies?"
290,My blood sugar levels have stabilized - do I still need the same dosage?,"You know, I've been thinking about your case - sounds like you're really making progress!",follow_up,friendly,Patient followed up regarding previous consultation. Communication was warm and personable.,"blood, sugar, levels, stabilized, still"
291,I have severe diarrhea and vomiting since last night - can't keep anything down.,"I understand your concern and I'm glad you came in. Based on what you're describing, we have several good treatment options.",discuss_symptoms,positive,Patient described current health symptoms. Communication had an optimistic tone.,"severe, diarrhea, vomiting, since, night"
292,I'd like to make a same-day urgent appointment if possible.,"You know what, I remember you from your last visit! Let's find a perfect time that works for you.",request_appointment,friendly,Patient requested a future consultation. Communication was warm and personable.,"same-day, urgent, appointment, possible."
293,The antidepressant dosage doesn't seem effective anymore - can we adjust?,I can certainly renew that. Has your current dosage been effective for you?,ask_prescription,neutral,Patient asked for medication renewal or advice. Communication was matter-of-fact.,"antidepressant, dosage, doesn't, effective, anymore"
294,I completed the treatment but still feel fatigued - what next?,"Upon review of your follow-up data, clinical parameters suggest modification of the treatment protocol.",follow_up,formal,Patient followed up regarding previous consultation. Communication was professional and technical.,"completed, treatment, still, fatigued, next?"
295,The doctor didn't explain my diagnosis clearly - I have many unanswered questions.,The administrative team will conduct a thorough investigation into the reported procedural deviation.,complaint,formal,Patient reported dissatisfaction or issues. Communication was professional and technical.,"doctor, didn't, explain, diagnosis, clearly"
296,The rash has spread despite using the prescribed cream - what now?,I'm very encouraged by your progress! The treatment is working exactly as we hoped.,follow_up,positive,Patient followed up regarding previous consultation. Communication had an optimistic tone.,"spread, despite, using, prescribed, cream"
297,The rash has spread despite using the prescribed cream - what now?,Hey there! So good to hear from you! How are you feeling after our last appointment?,follow_up,friendly,Patient followed up regarding previous consultation. Communication was warm and personable.,"spread, despite, using, prescribed, cream"
298,What COVID safety measures are you currently following?,"Unfortunately, our holiday hours are significantly reduced due to staffing limitations.",general_questions,negative,Patient asked general information about services. Communication expressed concerns or dissatisfaction.,"COVID, safety, measures, currently, following?"
299,Do you provide interpreter services for non-English speakers?,Great question! We're pleased to offer extended holiday hours for your convenience.,general_questions,positive,Patient asked general information about services. Communication had an optimistic tone.,"provide, interpreter, services, non-English, speakers?"
300,Do you accept my new insurance plan?,"Our regular hours are 8am-6pm weekdays, with urgent care until 8pm.",general_questions,neutral,Patient asked general information about services. Communication was matter-of-fact.,"accept, insurance, plan?"
301,It's been 2 weeks since my surgery - when should I come for a wound check?,I'm very encouraged by your progress! The treatment is working exactly as we hoped.,follow_up,positive,Patient followed up regarding previous consultation. Communication had an optimistic tone.,"weeks, since, surgery, should, wound"
302,Do you provide interpreter services for non-English speakers?,The facility operational hours during designated holidays are restricted to 10am-2pm for essential services only.,general_questions,formal,Patient asked general information about services. Communication was professional and technical.,"provide, interpreter, services, non-English, speakers?"
303,I've been having chest palpitations that last several minutes at a time.,I apologize that you've been suffering. The healthcare system can sometimes miss these early signs.,discuss_symptoms,apologetic,Patient described current health symptoms. Communication included regret or apologies.,"having, chest, palpitations, several, minutes"
304,The rash has spread despite using the prescribed cream - what now?,Let's review your case. What improvements have you noticed with the treatment?,follow_up,neutral,Patient followed up regarding previous consultation. Communication was matter-of-fact.,"spread, despite, using, prescribed, cream"
305,I'd prefer a telehealth visit if available - when's the next opening?,"Unfortunately, we're extremely booked for the next three weeks due to staff shortages.",request_appointment,negative,Patient requested a future consultation. Communication expressed concerns or dissatisfaction.,"prefer, telehealth, visit, available, when's"
306,Are there any weekend slots available for a general consultation?,"Upon reviewing the physician's calendar, there is availability on Thursday at 2:15pm or Friday at 10:30am.",request_appointment,formal,Patient requested a future consultation. Communication was professional and technical.,"there, weekend, slots, available, general"
307,The biopsy results came back - can we discuss them at my next visit?,"Given what you're describing, I need you to come in immediately for reassessment.",follow_up,urgent,Patient followed up regarding previous consultation. Communication emphasized immediate action needed.,"biopsy, results, discuss, visit?"
308,The billing department charged me for services I never received.,Thank you so much for this feedback. It's patients like you who help us improve our services.,complaint,positive,Patient reported dissatisfaction or issues. Communication had an optimistic tone.,"billing, department, charged, services, never"
309,I need to schedule my annual diabetes screening and checkup.,"Based on what you're describing, I think we should get you in sooner rather than later. How's tomorrow?",request_appointment,concerned,Patient requested a future consultation. Communication expressed worry or caution.,"schedule, annual, diabetes, screening, checkup."
310,The receptionist was very rude when I called to reschedule.,Thank you so much for this feedback. It's patients like you who help us improve our services.,complaint,positive,Patient reported dissatisfaction or issues. Communication had an optimistic tone.,"receptionist, called, reschedule."
311,I lost my prescription slip for the antibiotics - can you reissue?,"Upon review of your medical history, a prescription renewal is authorized pending pharmacy verification.",ask_prescription,formal,Patient asked for medication renewal or advice. Communication was professional and technical.,"prescription, antibiotics, reissue?"
312,The prescription you sent was out of stock at my pharmacy with no alternatives.,Thank you for bringing this to our attention. This isn't our usual standard.,complaint,neutral,Patient reported dissatisfaction or issues. Communication was matter-of-fact.,"prescription, stock, pharmacy, alternatives."
313,My pharmacy says they need prior authorization for my new cholesterol meds.,"Given your situation, I'm authorizing an immediate refill that you can pick up today.",ask_prescription,urgent,Patient asked for medication renewal or advice. Communication emphasized immediate action needed.,"pharmacy, prior, authorization, cholesterol, meds."
314,Are there any weekend slots available for a general consultation?,I'd be happy to schedule that for you! We have some excellent time slots available.,request_appointment,positive,Patient requested a future consultation. Communication had an optimistic tone.,"there, weekend, slots, available, general"
315,The billing department charged me for services I never received.,This level of service is completely unacceptable. I share your frustration entirely.,complaint,negative,Patient reported dissatisfaction or issues. Communication expressed concerns or dissatisfaction.,"billing, department, charged, services, never"
316,The doctor didn't explain my diagnosis clearly - I have many unanswered questions.,"Given the severity of this issue, I'm taking immediate steps to address it today.",complaint,urgent,Patient reported dissatisfaction or issues. Communication emphasized immediate action needed.,"doctor, didn't, explain, diagnosis, clearly"
317,How do I get a copy of my medical records transferred to another provider?,"You know what, parking is actually free on weekends - a little bonus for our Saturday patients!",general_questions,friendly,Patient asked general information about services. Communication was warm and personable.,"medical, records, transferred, another, provider?"
318,Can you prescribe something stronger for my chronic back pain?,I can certainly renew that. Has your current dosage been effective for you?,ask_prescription,neutral,Patient asked for medication renewal or advice. Communication was matter-of-fact.,"prescribe, something, stronger, chronic, pain?"
319,I have severe diarrhea and vomiting since last night - can't keep anything down.,I understand this must be worrying. How long exactly have you been experiencing these symptoms?,discuss_symptoms,neutral,Patient described current health symptoms. Communication was matter-of-fact.,"severe, diarrhea, vomiting, since, night"
320,Can I book a follow-up with Dr. Smith for my post-op check?,I apologize for the scheduling difficulties. We're working to improve our availability.,request_appointment,apologetic,Patient requested a future consultation. Communication included regret or apologies.,"follow-up, Smith, post-op, check?"
321,The prescription you sent was out of stock at my pharmacy with no alternatives.,"Given the severity of this issue, I'm taking immediate steps to address it today.",complaint,urgent,Patient reported dissatisfaction or issues. Communication emphasized immediate action needed.,"prescription, stock, pharmacy, alternatives."
322,Where can I park when coming for my appointment?,The facility operational hours during designated holidays are restricted to 10am-2pm for essential services only.,general_questions,formal,Patient asked general information about services. Communication was professional and technical.,"Where, coming, appointment?"
323,My insulin prescription is running low - can you send a refill to CVS?,I apologize for the confusion with your prescription. Let me fix this right away.,ask_prescription,apologetic,Patient asked for medication renewal or advice. Communication included regret or apologies.,"insulin, prescription, running, refill"
324,There's a strange numbness in my left arm that won't go away.,I'm genuinely concerned about what you're experiencing. Let's take these symptoms very seriously.,discuss_symptoms,concerned,Patient described current health symptoms. Communication expressed worry or caution.,"There's, strange, numbness, won't, away."
325,The nurse didn't return my urgent call about medication side effects.,I sincerely apologize for this experience - it's completely our fault and we will make it right.,complaint,apologetic,Patient reported dissatisfaction or issues. Communication included regret or apologies.,"nurse, didn't, return, urgent, about"
326,I'm having bad side effects from the new medication - can we switch?,"Let me verify - you need a refill for your medication, correct?",ask_prescription,neutral,Patient asked for medication renewal or advice. Communication was matter-of-fact.,"having, effects, medication, switch?"
327,The antidepressant dosage doesn't seem effective anymore - can we adjust?,This is critical - I'm sending an emergency prescription to your pharmacy to be ready within the hour.,ask_prescription,urgent,Patient asked for medication renewal or advice. Communication emphasized immediate action needed.,"antidepressant, dosage, doesn't, effective, anymore"
328,My insulin prescription is running low - can you send a refill to CVS?,"Unfortunately, I cannot authorize this refill until we address these concerning lab results.",ask_prescription,negative,Patient asked for medication renewal or advice. Communication expressed concerns or dissatisfaction.,"insulin, prescription, running, refill"
329,Do you provide interpreter services for non-English speakers?,I'm worried you might have trouble with parking during construction - let me suggest some alternatives.,general_questions,concerned,Patient asked general information about services. Communication expressed worry or caution.,"provide, interpreter, services, non-English, speakers?"
330,The antidepressant dosage doesn't seem effective anymore - can we adjust?,"Hey, thanks for the heads-up about running low! I'll get that sent over to your pharmacy today.",ask_prescription,friendly,Patient asked for medication renewal or advice. Communication was warm and personable.,"antidepressant, dosage, doesn't, effective, anymore"
331,I've been tracking my blood pressure as instructed - should I continue the meds?,These follow-up symptoms require urgent attention. Can you come to the office today?,follow_up,urgent,Patient followed up regarding previous consultation. Communication emphasized immediate action needed.,"tracking, blood, pressure, instructed, should"
332,What are your clinic hours on holidays?,Great question! We're pleased to offer extended holiday hours for your convenience.,general_questions,positive,Patient asked general information about services. Communication had an optimistic tone.,"clinic, hours, holidays?"
333,I'm having bad side effects from the new medication - can we switch?,"Given your situation, I'm authorizing an immediate refill that you can pick up today.",ask_prescription,urgent,Patient asked for medication renewal or advice. Communication emphasized immediate action needed.,"having, effects, medication, switch?"
334,I noticed blood in my urine this morning with some burning sensation.,"According to clinical guidelines, these symptoms necessitate a comprehensive examination and possibly diagnostic imaging.",discuss_symptoms,formal,Patient described current health symptoms. Communication was professional and technical.,"noticed, blood, urine, morning, burning"
335,Do you accept my new insurance plan?,"For urgent needs, please note our special holiday triage line is always available.",general_questions,urgent,Patient asked general information about services. Communication emphasized immediate action needed.,"accept, insurance, plan?"
336,Can I book a follow-up with Dr. Smith for my post-op check?,I regret to inform you that Dr. Smith's schedule is completely full for the next month.,request_appointment,negative,Patient requested a future consultation. Communication expressed concerns or dissatisfaction.,"follow-up, Smith, post-op, check?"
337,I've had a persistent headache for three days now with blurred vision.,I understand this must be worrying. How long exactly have you been experiencing these symptoms?,discuss_symptoms,neutral,Patient described current health symptoms. Communication was matter-of-fact.,"persistent, headache, three, blurred, vision."
338,The physical therapy exercises caused more pain - is this normal?,I'm sorry the treatment hasn't provided the relief we expected. Let's try a different approach.,follow_up,apologetic,Patient followed up regarding previous consultation. Communication included regret or apologies.,"physical, therapy, exercises, caused, normal?"
339,I've been tracking my blood pressure as instructed - should I continue the meds?,These test results raise some concerns for me. Let's take a closer look at what's happening.,follow_up,concerned,Patient followed up regarding previous consultation. Communication expressed worry or caution.,"tracking, blood, pressure, instructed, should"
340,My child needs a sports physical - do you have pediatric appointments tomorrow?,"Based on what you're describing, I think we should get you in sooner rather than later. How's tomorrow?",request_appointment,concerned,Patient requested a future consultation. Communication expressed worry or caution.,"child, needs, sports, physical, pediatric"
341,I have severe diarrhea and vomiting since last night - can't keep anything down.,Thank you for providing such clear details about your symptoms. This gives us a promising starting point for treatment.,discuss_symptoms,positive,Patient described current health symptoms. Communication had an optimistic tone.,"severe, diarrhea, vomiting, since, night"
342,"My joints are swollen and painful, especially in the mornings.",I'm quite worried about these symptoms. They indicate a potentially serious condition we need to address.,discuss_symptoms,negative,Patient described current health symptoms. Communication expressed concerns or dissatisfaction.,"joints, swollen, painful,, especially, mornings."
343,How do I get a copy of my medical records transferred to another provider?,I apologize that our holiday schedule is so limited. I know it can make things difficult.,general_questions,apologetic,Patient asked general information about services. Communication included regret or apologies.,"medical, records, transferred, another, provider?"
344,I need to schedule my annual diabetes screening and checkup.,"Given your situation, I'll rearrange the schedule to fit you in today. This can't wait.",request_appointment,urgent,Patient requested a future consultation. Communication emphasized immediate action needed.,"schedule, annual, diabetes, screening, checkup."
345,The doctor didn't explain my diagnosis clearly - I have many unanswered questions.,"Given the severity of this issue, I'm taking immediate steps to address it today.",complaint,urgent,Patient reported dissatisfaction or issues. Communication emphasized immediate action needed.,"doctor, didn't, explain, diagnosis, clearly"
346,What are your clinic hours on holidays?,"Oh, holidays are actually when we have our most flexible hours! We try to make it super convenient!",general_questions,friendly,Patient asked general information about services. Communication was warm and personable.,"clinic, hours, holidays?"
347,It's been 2 weeks since my surgery - when should I come for a wound check?,These test results are not what we hoped for. We need to reconsider our approach immediately.,follow_up,negative,Patient followed up regarding previous consultation. Communication expressed concerns or dissatisfaction.,"weeks, since, surgery, should, wound"
348,I need to schedule a physical exam before my overseas trip next month.,"Given your situation, I'll rearrange the schedule to fit you in today. This can't wait.",request_appointment,urgent,Patient requested a future consultation. Communication emphasized immediate action needed.,"schedule, physical, before, overseas, month."
349,I lost my prescription slip for the antibiotics - can you reissue?,This is critical - I'm sending an emergency prescription to your pharmacy to be ready within the hour.,ask_prescription,urgent,Patient asked for medication renewal or advice. Communication emphasized immediate action needed.,"prescription, antibiotics, reissue?"
350,Are there any weekend slots available for a general consultation?,"You know what, I remember you from your last visit! Let's find a perfect time that works for you.",request_appointment,friendly,Patient requested a future consultation. Communication was warm and personable.,"there, weekend, slots, available, general"
351,My pharmacy says they need prior authorization for my new cholesterol meds.,The clinical protocol indicates that medication adjustment may be warranted based on reported efficacy.,ask_prescription,formal,Patient asked for medication renewal or advice. Communication was professional and technical.,"pharmacy, prior, authorization, cholesterol, meds."
352,How do I get a copy of my medical records transferred to another provider?,"For urgent needs, please note our special holiday triage line is always available.",general_questions,urgent,Patient asked general information about services. Communication emphasized immediate action needed.,"medical, records, transferred, another, provider?"
353,I'm traveling abroad and need a 3-month supply of my blood thinners.,"These symptoms concern me - before renewing, I'd like to check if this medication is still right for you.",ask_prescription,concerned,Patient asked for medication renewal or advice. Communication expressed worry or caution.,"traveling, abroad, 3-month, supply, blood"
354,I've been waiting 45 minutes past my scheduled appointment time.,I sincerely apologize for this experience - it's completely our fault and we will make it right.,complaint,apologetic,Patient reported dissatisfaction or issues. Communication included regret or apologies.,"waiting, minutes, scheduled, appointment, time."
355,Are there any weekend slots available for a general consultation?,"Hey, no problem at all! I can totally squeeze you in this Friday - how does that sound?",request_appointment,friendly,Patient requested a future consultation. Communication was warm and personable.,"there, weekend, slots, available, general"
356,I noticed blood in my urine this morning with some burning sensation.,I'm quite worried about these symptoms. They indicate a potentially serious condition we need to address.,discuss_symptoms,negative,Patient described current health symptoms. Communication expressed concerns or dissatisfaction.,"noticed, blood, urine, morning, burning"
357,The prescription you sent was out of stock at my pharmacy with no alternatives.,The administrative team will conduct a thorough investigation into the reported procedural deviation.,complaint,formal,Patient reported dissatisfaction or issues. Communication was professional and technical.,"prescription, stock, pharmacy, alternatives."
358,I've been having chest palpitations that last several minutes at a time.,I'm sorry you've been dealing with this discomfort. We should have caught this during your last visit.,discuss_symptoms,apologetic,Patient described current health symptoms. Communication included regret or apologies.,"having, chest, palpitations, several, minutes"
359,Your online portal isn't working and I can't access my medical records.,"I'm totally with you on this one - that experience wasn't okay, and we can do better!",complaint,friendly,Patient reported dissatisfaction or issues. Communication was warm and personable.,"online, portal, isn't, working, can't"
360,I've been tracking my blood pressure as instructed - should I continue the meds?,Hey there! So good to hear from you! How are you feeling after our last appointment?,follow_up,friendly,Patient followed up regarding previous consultation. Communication was warm and personable.,"tracking, blood, pressure, instructed, should"
361,The rash has spread despite using the prescribed cream - what now?,"Upon review of your follow-up data, clinical parameters suggest modification of the treatment protocol.",follow_up,formal,Patient followed up regarding previous consultation. Communication was professional and technical.,"spread, despite, using, prescribed, cream"
362,I'd prefer a telehealth visit if available - when's the next opening?,I can help with that. Would you prefer an early morning or late afternoon appointment?,request_appointment,neutral,Patient requested a future consultation. Communication was matter-of-fact.,"prefer, telehealth, visit, available, when's"
363,"My joints are swollen and painful, especially in the mornings.",These symptoms are concerning and require immediate attention. I'm not satisfied with what I'm hearing.,discuss_symptoms,negative,Patient described current health symptoms. Communication expressed concerns or dissatisfaction.,"joints, swollen, painful,, especially, mornings."
364,The physical therapy exercises caused more pain - is this normal?,These follow-up symptoms require urgent attention. Can you come to the office today?,follow_up,urgent,Patient followed up regarding previous consultation. Communication emphasized immediate action needed.,"physical, therapy, exercises, caused, normal?"
365,What's your policy on late cancellations?,Insurance verification protocols require submission of credentials 48 hours prior to scheduled appointments.,general_questions,formal,Patient asked general information about services. Communication was professional and technical.,"What's, policy, cancellations?"
366,I'm traveling abroad and need a 3-month supply of my blood thinners.,No problem at all with that refill! I'll take care of it right away so you don't have to worry.,ask_prescription,friendly,Patient asked for medication renewal or advice. Communication was warm and personable.,"traveling, abroad, 3-month, supply, blood"
367,I've had a persistent headache for three days now with blurred vision.,"Given what you've described, we need to run tests immediately. This requires urgent attention.",discuss_symptoms,urgent,Patient described current health symptoms. Communication emphasized immediate action needed.,"persistent, headache, three, blurred, vision."
368,The prescription you sent was out of stock at my pharmacy with no alternatives.,Your grievance has been documented and will be addressed according to our patient resolution protocol.,complaint,formal,Patient reported dissatisfaction or issues. Communication was professional and technical.,"prescription, stock, pharmacy, alternatives."
369,The billing department charged me for services I never received.,I sincerely apologize for this experience - it's completely our fault and we will make it right.,complaint,apologetic,Patient reported dissatisfaction or issues. Communication included regret or apologies.,"billing, department, charged, services, never"
370,Your online portal isn't working and I can't access my medical records.,Your experience worries me greatly. No patient should face these kinds of issues.,complaint,concerned,Patient reported dissatisfaction or issues. Communication expressed worry or caution.,"online, portal, isn't, working, can't"
371,I've been tracking my blood pressure as instructed - should I continue the meds?,I'm sorry the treatment hasn't provided the relief we expected. Let's try a different approach.,follow_up,apologetic,Patient followed up regarding previous consultation. Communication included regret or apologies.,"tracking, blood, pressure, instructed, should"
372,I noticed blood in my urine this morning with some burning sensation.,These symptoms raise some red flags for me. I want to make sure we don't miss anything important.,discuss_symptoms,concerned,Patient described current health symptoms. Communication expressed worry or caution.,"noticed, blood, urine, morning, burning"
373,Are there any weekend slots available for a general consultation?,Great news! We have several convenient openings that should work perfectly for your schedule.,request_appointment,positive,Patient requested a future consultation. Communication had an optimistic tone.,"there, weekend, slots, available, general"
374,The rash has spread despite using the prescribed cream - what now?,These follow-up symptoms require urgent attention. Can you come to the office today?,follow_up,urgent,Patient followed up regarding previous consultation. Communication emphasized immediate action needed.,"spread, despite, using, prescribed, cream"
375,My pharmacy says they need prior authorization for my new cholesterol meds.,I can certainly renew that. Has your current dosage been effective for you?,ask_prescription,neutral,Patient asked for medication renewal or advice. Communication was matter-of-fact.,"pharmacy, prior, authorization, cholesterol, meds."
376,I've had a persistent headache for three days now with blurred vision.,These symptoms are concerning and require immediate attention. I'm not satisfied with what I'm hearing.,discuss_symptoms,negative,Patient described current health symptoms. Communication expressed concerns or dissatisfaction.,"persistent, headache, three, blurred, vision."
377,What COVID safety measures are you currently following?,"Oh, holidays are actually when we have our most flexible hours! We try to make it super convenient!",general_questions,friendly,Patient asked general information about services. Communication was warm and personable.,"COVID, safety, measures, currently, following?"
378,The antibiotics helped but my sinus infection isn't completely gone.,I'm sorry the treatment hasn't provided the relief we expected. Let's try a different approach.,follow_up,apologetic,Patient followed up regarding previous consultation. Communication included regret or apologies.,"antibiotics, helped, sinus, infection, isn't"
379,Can I book a follow-up with Dr. Smith for my post-op check?,Let me check our availability. Are you looking for something this week or next?,request_appointment,neutral,Patient requested a future consultation. Communication was matter-of-fact.,"follow-up, Smith, post-op, check?"
380,I'm experiencing shortness of breath even with minimal activity.,"You know, I had another patient with similar issues last week - don't worry, we'll get to the bottom of this!",discuss_symptoms,friendly,Patient described current health symptoms. Communication was warm and personable.,"experiencing, shortness, breath, minimal, activity."
381,I've been tracking my blood pressure as instructed - should I continue the meds?,Let's review your case. What improvements have you noticed with the treatment?,follow_up,neutral,Patient followed up regarding previous consultation. Communication was matter-of-fact.,"tracking, blood, pressure, instructed, should"
382,I lost my prescription slip for the antibiotics - can you reissue?,I'm pleased to renew this prescription for you. The treatment seems to be working very well.,ask_prescription,positive,Patient asked for medication renewal or advice. Communication had an optimistic tone.,"prescription, antibiotics, reissue?"
383,Are there any weekend slots available for a general consultation?,I can help with that. Would you prefer an early morning or late afternoon appointment?,request_appointment,neutral,Patient requested a future consultation. Communication was matter-of-fact.,"there, weekend, slots, available, general"
384,What are your clinic hours on holidays?,I'm concerned about your insurance coverage. Let me check some details to make sure you're fully covered.,general_questions,concerned,Patient asked general information about services. Communication expressed worry or caution.,"clinic, hours, holidays?"
385,Can you prescribe something stronger for my chronic back pain?,I'm concerned about renewing this medication without seeing you first. These side effects are troubling.,ask_prescription,negative,Patient asked for medication renewal or advice. Communication expressed concerns or dissatisfaction.,"prescribe, something, stronger, chronic, pain?"
386,I noticed blood in my urine this morning with some burning sensation.,"I understand your concern and I'm glad you came in. Based on what you're describing, we have several good treatment options.",discuss_symptoms,positive,Patient described current health symptoms. Communication had an optimistic tone.,"noticed, blood, urine, morning, burning"
387,Which hospital are you affiliated with for emergencies?,I'm happy to confirm that we accept your insurance with excellent coverage options.,general_questions,positive,Patient asked general information about services. Communication had an optimistic tone.,"Which, hospital, affiliated, emergencies?"
388,I'm having bad side effects from the new medication - can we switch?,"Upon review of your medical history, a prescription renewal is authorized pending pharmacy verification.",ask_prescription,formal,Patient asked for medication renewal or advice. Communication was professional and technical.,"having, effects, medication, switch?"
389,The prescription you sent was out of stock at my pharmacy with no alternatives.,Your experience worries me greatly. No patient should face these kinds of issues.,complaint,concerned,Patient reported dissatisfaction or issues. Communication expressed worry or caution.,"prescription, stock, pharmacy, alternatives."
390,I have severe diarrhea and vomiting since last night - can't keep anything down.,I understand this must be worrying. How long exactly have you been experiencing these symptoms?,discuss_symptoms,neutral,Patient described current health symptoms. Communication was matter-of-fact.,"severe, diarrhea, vomiting, since, night"
391,Could I get an appointment with the cardiology department?,I regret to inform you that Dr. Smith's schedule is completely full for the next month.,request_appointment,negative,Patient requested a future consultation. Communication expressed concerns or dissatisfaction.,"Could, appointment, cardiology, department?"
392,My insulin prescription is running low - can you send a refill to CVS?,The clinical protocol indicates that medication adjustment may be warranted based on reported efficacy.,ask_prescription,formal,Patient asked for medication renewal or advice. Communication was professional and technical.,"insulin, prescription, running, refill"
393,"My joints are swollen and painful, especially in the mornings.",These symptoms raise some red flags for me. I want to make sure we don't miss anything important.,discuss_symptoms,concerned,Patient described current health symptoms. Communication expressed worry or caution.,"joints, swollen, painful,, especially, mornings."
394,I've been tracking my blood pressure as instructed - should I continue the meds?,The post-procedure assessment indicates satisfactory healing with no contraindications for resuming normal activity.,follow_up,formal,Patient followed up regarding previous consultation. Communication was professional and technical.,"tracking, blood, pressure, instructed, should"
395,The antidepressant dosage doesn't seem effective anymore - can we adjust?,I can certainly renew that. Has your current dosage been effective for you?,ask_prescription,neutral,Patient asked for medication renewal or advice. Communication was matter-of-fact.,"antidepressant, dosage, doesn't, effective, anymore"
396,I've had a persistent headache for three days now with blurred vision.,These symptoms need immediate investigation. I'm going to expedite some tests right away.,discuss_symptoms,urgent,Patient described current health symptoms. Communication emphasized immediate action needed.,"persistent, headache, three, blurred, vision."
397,My blood sugar levels have stabilized - do I still need the same dosage?,I'm sorry the treatment hasn't provided the relief we expected. Let's try a different approach.,follow_up,apologetic,Patient followed up regarding previous consultation. Communication included regret or apologies.,"blood, sugar, levels, stabilized, still"
398,I need to schedule a physical exam before my overseas trip next month.,The scheduling protocol allows for a consultation on the requested date pending insurance verification.,request_appointment,formal,Patient requested a future consultation. Communication was professional and technical.,"schedule, physical, before, overseas, month."
399,The nurse didn't return my urgent call about medication side effects.,Thank you so much for this feedback. It's patients like you who help us improve our services.,complaint,positive,Patient reported dissatisfaction or issues. Communication had an optimistic tone.,"nurse, didn't, return, urgent, about"
400,What COVID safety measures are you currently following?,"For urgent needs, please note our special holiday triage line is always available.",general_questions,urgent,Patient asked general information about services. Communication emphasized immediate action needed.,"COVID, safety, measures, currently, following?"
401,The receptionist was very rude when I called to reschedule.,Thank you so much for this feedback. It's patients like you who help us improve our services.,complaint,positive,Patient reported dissatisfaction or issues. Communication had an optimistic tone.,"receptionist, called, reschedule."
402,The physical therapy exercises caused more pain - is this normal?,"You know, I've been thinking about your case - sounds like you're really making progress!",follow_up,friendly,Patient followed up regarding previous consultation. Communication was warm and personable.,"physical, therapy, exercises, caused, normal?"
403,How do I get a copy of my medical records transferred to another provider?,The facility operational hours during designated holidays are restricted to 10am-2pm for essential services only.,general_questions,formal,Patient asked general information about services. Communication was professional and technical.,"medical, records, transferred, another, provider?"
404,I've been having chest palpitations that last several minutes at a time.,"Upon initial assessment, your described symptoms suggest several potential diagnoses that warrant further investigation.",discuss_symptoms,formal,Patient described current health symptoms. Communication was professional and technical.,"having, chest, palpitations, several, minutes"
405,I lost my prescription slip for the antibiotics - can you reissue?,"Upon review of your medical history, a prescription renewal is authorized pending pharmacy verification.",ask_prescription,formal,Patient asked for medication renewal or advice. Communication was professional and technical.,"prescription, antibiotics, reissue?"
406,Your online portal isn't working and I can't access my medical records.,I am so sorry this happened to you. There's no excuse for this kind of treatment.,complaint,apologetic,Patient reported dissatisfaction or issues. Communication included regret or apologies.,"online, portal, isn't, working, can't"
407,The nurse didn't return my urgent call about medication side effects.,"Given the severity of this issue, I'm taking immediate steps to address it today.",complaint,urgent,Patient reported dissatisfaction or issues. Communication emphasized immediate action needed.,"nurse, didn't, return, urgent, about"
408,Which hospital are you affiliated with for emergencies?,I'm concerned about your insurance coverage. Let me check some details to make sure you're fully covered.,general_questions,concerned,Patient asked general information about services. Communication expressed worry or caution.,"Which, hospital, affiliated, emergencies?"
409,The receptionist was very rude when I called to reschedule.,I'm deeply troubled by what you experienced. This isn't the care standard we aim to provide.,complaint,concerned,Patient reported dissatisfaction or issues. Communication expressed worry or caution.,"receptionist, called, reschedule."
410,The antibiotics helped but my sinus infection isn't completely gone.,"Upon review of your follow-up data, clinical parameters suggest modification of the treatment protocol.",follow_up,formal,Patient followed up regarding previous consultation. Communication was professional and technical.,"antibiotics, helped, sinus, infection, isn't"
411,I'm traveling abroad and need a 3-month supply of my blood thinners.,The clinical protocol indicates that medication adjustment may be warranted based on reported efficacy.,ask_prescription,formal,Patient asked for medication renewal or advice. Communication was professional and technical.,"traveling, abroad, 3-month, supply, blood"
412,I'd prefer a telehealth visit if available - when's the next opening?,I apologize for the scheduling difficulties. We're working to improve our availability.,request_appointment,apologetic,Patient requested a future consultation. Communication included regret or apologies.,"prefer, telehealth, visit, available, when's"
413,The billing department charged me for services I never received.,I sincerely apologize for this experience - it's completely our fault and we will make it right.,complaint,apologetic,Patient reported dissatisfaction or issues. Communication included regret or apologies.,"billing, department, charged, services, never"
414,I need to schedule my annual diabetes screening and checkup.,Let me check our availability. Are you looking for something this week or next?,request_appointment,neutral,Patient requested a future consultation. Communication was matter-of-fact.,"schedule, annual, diabetes, screening, checkup."
415,I'm traveling abroad and need a 3-month supply of my blood thinners.,"Let me verify - you need a refill for your medication, correct?",ask_prescription,neutral,Patient asked for medication renewal or advice. Communication was matter-of-fact.,"traveling, abroad, 3-month, supply, blood"
416,My pharmacy says they need prior authorization for my new cholesterol meds.,I apologize for the confusion with your prescription. Let me fix this right away.,ask_prescription,apologetic,Patient asked for medication renewal or advice. Communication included regret or apologies.,"pharmacy, prior, authorization, cholesterol, meds."
417,The biopsy results came back - can we discuss them at my next visit?,I'm very encouraged by your progress! The treatment is working exactly as we hoped.,follow_up,positive,Patient followed up regarding previous consultation. Communication had an optimistic tone.,"biopsy, results, discuss, visit?"
418,The nurse didn't return my urgent call about medication side effects.,This is a serious failure on our part. I'm deeply troubled by what you've experienced.,complaint,negative,Patient reported dissatisfaction or issues. Communication expressed concerns or dissatisfaction.,"nurse, didn't, return, urgent, about"
419,I'd like to make a same-day urgent appointment if possible.,I apologize for the scheduling difficulties. We're working to improve our availability.,request_appointment,apologetic,Patient requested a future consultation. Communication included regret or apologies.,"same-day, urgent, appointment, possible."
420,My pharmacy says they need prior authorization for my new cholesterol meds.,"Hey, thanks for the heads-up about running low! I'll get that sent over to your pharmacy today.",ask_prescription,friendly,Patient asked for medication renewal or advice. Communication was warm and personable.,"pharmacy, prior, authorization, cholesterol, meds."
421,I need to schedule a physical exam before my overseas trip next month.,I can help with that. Would you prefer an early morning or late afternoon appointment?,request_appointment,neutral,Patient requested a future consultation. Communication was matter-of-fact.,"schedule, physical, before, overseas, month."
422,My insulin prescription is running low - can you send a refill to CVS?,This is critical - I'm sending an emergency prescription to your pharmacy to be ready within the hour.,ask_prescription,urgent,Patient asked for medication renewal or advice. Communication emphasized immediate action needed.,"insulin, prescription, running, refill"
423,Are there any weekend slots available for a general consultation?,I'd be happy to schedule that for you! We have some excellent time slots available.,request_appointment,positive,Patient requested a future consultation. Communication had an optimistic tone.,"there, weekend, slots, available, general"
424,Can I book a follow-up with Dr. Smith for my post-op check?,I'm putting you down for our emergency slot at 3pm today. Please arrive 15 minutes early.,request_appointment,urgent,Patient requested a future consultation. Communication emphasized immediate action needed.,"follow-up, Smith, post-op, check?"
425,Do you accept my new insurance plan?,I regret to inform you that we no longer accept that insurance plan as of last month.,general_questions,negative,Patient asked general information about services. Communication expressed concerns or dissatisfaction.,"accept, insurance, plan?"
426,Where can I park when coming for my appointment?,I apologize that our holiday schedule is so limited. I know it can make things difficult.,general_questions,apologetic,Patient asked general information about services. Communication included regret or apologies.,"Where, coming, appointment?"
427,Where can I park when coming for my appointment?,I'm sorry about the confusion regarding our policies. We need to communicate these better.,general_questions,apologetic,Patient asked general information about services. Communication included regret or apologies.,"Where, coming, appointment?"
428,Do you accept my new insurance plan?,"Unfortunately, our holiday hours are significantly reduced due to staffing limitations.",general_questions,negative,Patient asked general information about services. Communication expressed concerns or dissatisfaction.,"accept, insurance, plan?"
429,Can I book a follow-up with Dr. Smith for my post-op check?,Let me check our availability. Are you looking for something this week or next?,request_appointment,neutral,Patient requested a future consultation. Communication was matter-of-fact.,"follow-up, Smith, post-op, check?"
430,There's a strange numbness in my left arm that won't go away.,"According to clinical guidelines, these symptoms necessitate a comprehensive examination and possibly diagnostic imaging.",discuss_symptoms,formal,Patient described current health symptoms. Communication was professional and technical.,"There's, strange, numbness, won't, away."
431,I lost my prescription slip for the antibiotics - can you reissue?,I'm concerned about renewing this medication without seeing you first. These side effects are troubling.,ask_prescription,negative,Patient asked for medication renewal or advice. Communication expressed concerns or dissatisfaction.,"prescription, antibiotics, reissue?"
432,Where can I park when coming for my appointment?,We accept most major insurance plans. May I have your member ID to verify?,general_questions,neutral,Patient asked general information about services. Communication was matter-of-fact.,"Where, coming, appointment?"
433,I need to schedule my annual diabetes screening and checkup.,I'm a bit worried about waiting too long for this appointment. Let me see what I can do to expedite it.,request_appointment,concerned,Patient requested a future consultation. Communication expressed worry or caution.,"schedule, annual, diabetes, screening, checkup."
434,I completed the treatment but still feel fatigued - what next?,Glad you're following up. How have your symptoms progressed since we last spoke?,follow_up,neutral,Patient followed up regarding previous consultation. Communication was matter-of-fact.,"completed, treatment, still, fatigued, next?"
435,There's a strange numbness in my left arm that won't go away.,"According to clinical guidelines, these symptoms necessitate a comprehensive examination and possibly diagnostic imaging.",discuss_symptoms,formal,Patient described current health symptoms. Communication was professional and technical.,"There's, strange, numbness, won't, away."
436,The prescription you sent was out of stock at my pharmacy with no alternatives.,Oh no! That definitely wasn't supposed to happen! Let me help make this right for you.,complaint,friendly,Patient reported dissatisfaction or issues. Communication was warm and personable.,"prescription, stock, pharmacy, alternatives."
437,It's been 2 weeks since my surgery - when should I come for a wound check?,These follow-up symptoms require urgent attention. Can you come to the office today?,follow_up,urgent,Patient followed up regarding previous consultation. Communication emphasized immediate action needed.,"weeks, since, surgery, should, wound"
438,I completed the treatment but still feel fatigued - what next?,These are excellent results. You're responding to treatment better than expected.,follow_up,positive,Patient followed up regarding previous consultation. Communication had an optimistic tone.,"completed, treatment, still, fatigued, next?"
439,I completed the treatment but still feel fatigued - what next?,I'm not satisfied with your progress. These symptoms indicate the treatment isn't working.,follow_up,negative,Patient followed up regarding previous consultation. Communication expressed concerns or dissatisfaction.,"completed, treatment, still, fatigued, next?"
440,My blood sugar levels have stabilized - do I still need the same dosage?,"Upon review of your follow-up data, clinical parameters suggest modification of the treatment protocol.",follow_up,formal,Patient followed up regarding previous consultation. Communication was professional and technical.,"blood, sugar, levels, stabilized, still"
441,Can you prescribe something stronger for my chronic back pain?,"Upon review of your medical history, a prescription renewal is authorized pending pharmacy verification.",ask_prescription,formal,Patient asked for medication renewal or advice. Communication was professional and technical.,"prescribe, something, stronger, chronic, pain?"
442,I need to schedule a physical exam before my overseas trip next month.,"Hey, no problem at all! I can totally squeeze you in this Friday - how does that sound?",request_appointment,friendly,Patient requested a future consultation. Communication was warm and personable.,"schedule, physical, before, overseas, month."
443,I noticed blood in my urine this morning with some burning sensation.,"Upon initial assessment, your described symptoms suggest several potential diagnoses that warrant further investigation.",discuss_symptoms,formal,Patient described current health symptoms. Communication was professional and technical.,"noticed, blood, urine, morning, burning"
444,The doctor didn't explain my diagnosis clearly - I have many unanswered questions.,I appreciate you bringing this to our attention. We're always looking for ways to do better.,complaint,positive,Patient reported dissatisfaction or issues. Communication had an optimistic tone.,"doctor, didn't, explain, diagnosis, clearly"
445,I need to schedule my annual diabetes screening and checkup.,"Hey, no problem at all! I can totally squeeze you in this Friday - how does that sound?",request_appointment,friendly,Patient requested a future consultation. Communication was warm and personable.,"schedule, annual, diabetes, screening, checkup."
446,The antibiotics helped but my sinus infection isn't completely gone.,I'm actually quite worried about these lingering symptoms. They shouldn't still be present.,follow_up,concerned,Patient followed up regarding previous consultation. Communication expressed worry or caution.,"antibiotics, helped, sinus, infection, isn't"
447,I've had a persistent headache for three days now with blurred vision.,I'm genuinely concerned about what you're experiencing. Let's take these symptoms very seriously.,discuss_symptoms,concerned,Patient described current health symptoms. Communication expressed worry or caution.,"persistent, headache, three, blurred, vision."
448,What are your clinic hours on holidays?,I'm happy to confirm that we accept your insurance with excellent coverage options.,general_questions,positive,Patient asked general information about services. Communication had an optimistic tone.,"clinic, hours, holidays?"
449,Where can I park when coming for my appointment?,I apologize that our holiday schedule is so limited. I know it can make things difficult.,general_questions,apologetic,Patient asked general information about services. Communication included regret or apologies.,"Where, coming, appointment?"
450,The biopsy results came back - can we discuss them at my next visit?,Glad you're following up. How have your symptoms progressed since we last spoke?,follow_up,neutral,Patient followed up regarding previous consultation. Communication was matter-of-fact.,"biopsy, results, discuss, visit?"
451,I have severe diarrhea and vomiting since last night - can't keep anything down.,"I understand your concern and I'm glad you came in. Based on what you're describing, we have several good treatment options.",discuss_symptoms,positive,Patient described current health symptoms. Communication had an optimistic tone.,"severe, diarrhea, vomiting, since, night"
452,I need to schedule my annual diabetes screening and checkup.,"Based on what you're describing, I think we should get you in sooner rather than later. How's tomorrow?",request_appointment,concerned,Patient requested a future consultation. Communication expressed worry or caution.,"schedule, annual, diabetes, screening, checkup."
453,"My joints are swollen and painful, especially in the mornings.","You know, I had another patient with similar issues last week - don't worry, we'll get to the bottom of this!",discuss_symptoms,friendly,Patient described current health symptoms. Communication was warm and personable.,"joints, swollen, painful,, especially, mornings."
454,What COVID safety measures are you currently following?,"Oh, holidays are actually when we have our most flexible hours! We try to make it super convenient!",general_questions,friendly,Patient asked general information about services. Communication was warm and personable.,"COVID, safety, measures, currently, following?"
455,I've had a persistent headache for three days now with blurred vision.,That sounds notable. Have you noticed any triggers or patterns to when this occurs?,discuss_symptoms,neutral,Patient described current health symptoms. Communication was matter-of-fact.,"persistent, headache, three, blurred, vision."
456,Can I book a follow-up with Dr. Smith for my post-op check?,Let me check our availability. Are you looking for something this week or next?,request_appointment,neutral,Patient requested a future consultation. Communication was matter-of-fact.,"follow-up, Smith, post-op, check?"
457,Are there any weekend slots available for a general consultation?,Great news! We have several convenient openings that should work perfectly for your schedule.,request_appointment,positive,Patient requested a future consultation. Communication had an optimistic tone.,"there, weekend, slots, available, general"
458,I lost my prescription slip for the antibiotics - can you reissue?,I'm pleased to renew this prescription for you. The treatment seems to be working very well.,ask_prescription,positive,Patient asked for medication renewal or advice. Communication had an optimistic tone.,"prescription, antibiotics, reissue?"
459,My child needs a sports physical - do you have pediatric appointments tomorrow?,I'm so sorry about the wait times lately. Let me do my best to find something that works for you.,request_appointment,apologetic,Patient requested a future consultation. Communication included regret or apologies.,"child, needs, sports, physical, pediatric"
460,There's sharp pain in my lower right abdomen that comes and goes.,These symptoms raise some red flags for me. I want to make sure we don't miss anything important.,discuss_symptoms,concerned,Patient described current health symptoms. Communication expressed worry or caution.,"There's, sharp, lower, right, abdomen"
461,I've been tracking my blood pressure as instructed - should I continue the meds?,These are excellent results. You're responding to treatment better than expected.,follow_up,positive,Patient followed up regarding previous consultation. Communication had an optimistic tone.,"tracking, blood, pressure, instructed, should"
462,I lost my prescription slip for the antibiotics - can you reissue?,I'm a bit worried about these side effects you're mentioning. Let's discuss alternatives to this medication.,ask_prescription,concerned,Patient asked for medication renewal or advice. Communication expressed worry or caution.,"prescription, antibiotics, reissue?"
463,Where can I park when coming for my appointment?,"Oh, holidays are actually when we have our most flexible hours! We try to make it super convenient!",general_questions,friendly,Patient asked general information about services. Communication was warm and personable.,"Where, coming, appointment?"
464,How do I get a copy of my medical records transferred to another provider?,I regret to inform you that we no longer accept that insurance plan as of last month.,general_questions,negative,Patient asked general information about services. Communication expressed concerns or dissatisfaction.,"medical, records, transferred, another, provider?"
465,Can I book a follow-up with Dr. Smith for my post-op check?,Great news! We have several convenient openings that should work perfectly for your schedule.,request_appointment,positive,Patient requested a future consultation. Communication had an optimistic tone.,"follow-up, Smith, post-op, check?"
466,I'm having bad side effects from the new medication - can we switch?,This is critical - I'm sending an emergency prescription to your pharmacy to be ready within the hour.,ask_prescription,urgent,Patient asked for medication renewal or advice. Communication emphasized immediate action needed.,"having, effects, medication, switch?"
467,Can you prescribe something stronger for my chronic back pain?,I'm concerned about renewing this medication without seeing you first. These side effects are troubling.,ask_prescription,negative,Patient asked for medication renewal or advice. Communication expressed concerns or dissatisfaction.,"prescribe, something, stronger, chronic, pain?"
468,There's sharp pain in my lower right abdomen that comes and goes.,I'm sorry you've been dealing with this discomfort. We should have caught this during your last visit.,discuss_symptoms,apologetic,Patient described current health symptoms. Communication included regret or apologies.,"There's, sharp, lower, right, abdomen"
469,My test results were supposed to be ready yesterday but still aren't available.,"I'm totally with you on this one - that experience wasn't okay, and we can do better!",complaint,friendly,Patient reported dissatisfaction or issues. Communication was warm and personable.,"results, supposed, ready, yesterday, still"
470,The receptionist was very rude when I called to reschedule.,This level of service is completely unacceptable. I share your frustration entirely.,complaint,negative,Patient reported dissatisfaction or issues. Communication expressed concerns or dissatisfaction.,"receptionist, called, reschedule."
471,The biopsy results came back - can we discuss them at my next visit?,Hey there! So good to hear from you! How are you feeling after our last appointment?,follow_up,friendly,Patient followed up regarding previous consultation. Communication was warm and personable.,"biopsy, results, discuss, visit?"
472,The physical therapy exercises caused more pain - is this normal?,"Given what you're describing, I need you to come in immediately for reassessment.",follow_up,urgent,Patient followed up regarding previous consultation. Communication emphasized immediate action needed.,"physical, therapy, exercises, caused, normal?"
473,Do I need a new prescription for my ongoing thyroid medication?,This is critical - I'm sending an emergency prescription to your pharmacy to be ready within the hour.,ask_prescription,urgent,Patient asked for medication renewal or advice. Communication emphasized immediate action needed.,"prescription, ongoing, thyroid, medication?"
474,Are there any weekend slots available for a general consultation?,Great news! We have several convenient openings that should work perfectly for your schedule.,request_appointment,positive,Patient requested a future consultation. Communication had an optimistic tone.,"there, weekend, slots, available, general"
475,I'm traveling abroad and need a 3-month supply of my blood thinners.,I apologize for the confusion with your prescription. Let me fix this right away.,ask_prescription,apologetic,Patient asked for medication renewal or advice. Communication included regret or apologies.,"traveling, abroad, 3-month, supply, blood"
476,My pharmacy says they need prior authorization for my new cholesterol meds.,No problem at all with that refill! I'll take care of it right away so you don't have to worry.,ask_prescription,friendly,Patient asked for medication renewal or advice. Communication was warm and personable.,"pharmacy, prior, authorization, cholesterol, meds."
477,What COVID safety measures are you currently following?,I'm worried you might have trouble with parking during construction - let me suggest some alternatives.,general_questions,concerned,Patient asked general information about services. Communication expressed worry or caution.,"COVID, safety, measures, currently, following?"
478,Do I need a new prescription for my ongoing thyroid medication?,I'm pleased to renew this prescription for you. The treatment seems to be working very well.,ask_prescription,positive,Patient asked for medication renewal or advice. Communication had an optimistic tone.,"prescription, ongoing, thyroid, medication?"
479,I'd like to make a same-day urgent appointment if possible.,I'm putting you down for our emergency slot at 3pm today. Please arrive 15 minutes early.,request_appointment,urgent,Patient requested a future consultation. Communication emphasized immediate action needed.,"same-day, urgent, appointment, possible."
480,Are there any weekend slots available for a general consultation?,"Unfortunately, we're extremely booked for the next three weeks due to staff shortages.",request_appointment,negative,Patient requested a future consultation. Communication expressed concerns or dissatisfaction.,"there, weekend, slots, available, general"
481,What are your clinic hours on holidays?,We accept most major insurance plans. May I have your member ID to verify?,general_questions,neutral,Patient asked general information about services. Communication was matter-of-fact.,"clinic, hours, holidays?"
482,I've been having chest palpitations that last several minutes at a time.,"Upon initial assessment, your described symptoms suggest several potential diagnoses that warrant further investigation.",discuss_symptoms,formal,Patient described current health symptoms. Communication was professional and technical.,"having, chest, palpitations, several, minutes"
483,I need to schedule my annual diabetes screening and checkup.,I'm a bit worried about waiting too long for this appointment. Let me see what I can do to expedite it.,request_appointment,concerned,Patient requested a future consultation. Communication expressed worry or caution.,"schedule, annual, diabetes, screening, checkup."
484,The rash has spread despite using the prescribed cream - what now?,"You know, I've been thinking about your case - sounds like you're really making progress!",follow_up,friendly,Patient followed up regarding previous consultation. Communication was warm and personable.,"spread, despite, using, prescribed, cream"
485,I've had a persistent headache for three days now with blurred vision.,I apologize that you've been suffering. The healthcare system can sometimes miss these early signs.,discuss_symptoms,apologetic,Patient described current health symptoms. Communication included regret or apologies.,"persistent, headache, three, blurred, vision."
486,I have severe diarrhea and vomiting since last night - can't keep anything down.,These symptoms are concerning and require immediate attention. I'm not satisfied with what I'm hearing.,discuss_symptoms,negative,Patient described current health symptoms. Communication expressed concerns or dissatisfaction.,"severe, diarrhea, vomiting, since, night"
487,What COVID safety measures are you currently following?,I apologize that our holiday schedule is so limited. I know it can make things difficult.,general_questions,apologetic,Patient asked general information about services. Communication included regret or apologies.,"COVID, safety, measures, currently, following?"
488,I've been tracking my blood pressure as instructed - should I continue the meds?,Hey there! So good to hear from you! How are you feeling after our last appointment?,follow_up,friendly,Patient followed up regarding previous consultation. Communication was warm and personable.,"tracking, blood, pressure, instructed, should"
489,Which hospital are you affiliated with for emergencies?,"You know what, parking is actually free on weekends - a little bonus for our Saturday patients!",general_questions,friendly,Patient asked general information about services. Communication was warm and personable.,"Which, hospital, affiliated, emergencies?"
490,It's been 2 weeks since my surgery - when should I come for a wound check?,I apologize that you're still experiencing these symptoms. We should have addressed this differently.,follow_up,apologetic,Patient followed up regarding previous consultation. Communication included regret or apologies.,"weeks, since, surgery, should, wound"
491,I've had a persistent headache for three days now with blurred vision.,Thank you for providing such clear details about your symptoms. This gives us a promising starting point for treatment.,discuss_symptoms,positive,Patient described current health symptoms. Communication had an optimistic tone.,"persistent, headache, three, blurred, vision."
492,I've been tracking my blood pressure as instructed - should I continue the meds?,These follow-up symptoms require urgent attention. Can you come to the office today?,follow_up,urgent,Patient followed up regarding previous consultation. Communication emphasized immediate action needed.,"tracking, blood, pressure, instructed, should"
493,The prescription you sent was out of stock at my pharmacy with no alternatives.,This requires immediate attention. I'm escalating this to our director right now.,complaint,urgent,Patient reported dissatisfaction or issues. Communication emphasized immediate action needed.,"prescription, stock, pharmacy, alternatives."
494,There's a strange numbness in my left arm that won't go away.,"You know, I had another patient with similar issues last week - don't worry, we'll get to the bottom of this!",discuss_symptoms,friendly,Patient described current health symptoms. Communication was warm and personable.,"There's, strange, numbness, won't, away."
495,Your online portal isn't working and I can't access my medical records.,I understand your concern. Let me look into this matter for you.,complaint,neutral,Patient reported dissatisfaction or issues. Communication was matter-of-fact.,"online, portal, isn't, working, can't"
496,Could I get an appointment with the cardiology department?,"Based on what you're describing, I think we should get you in sooner rather than later. How's tomorrow?",request_appointment,concerned,Patient requested a future consultation. Communication expressed worry or caution.,"Could, appointment, cardiology, department?"
497,I've been waiting 45 minutes past my scheduled appointment time.,This level of service is completely unacceptable. I share your frustration entirely.,complaint,negative,Patient reported dissatisfaction or issues. Communication expressed concerns or dissatisfaction.,"waiting, minutes, scheduled, appointment, time."
498,What are your clinic hours on holidays?,I'm concerned about your insurance coverage. Let me check some details to make sure you're fully covered.,general_questions,concerned,Patient asked general information about services. Communication expressed worry or caution.,"clinic, hours, holidays?"
499,"My joints are swollen and painful, especially in the mornings.",These symptoms need immediate investigation. I'm going to expedite some tests right away.,discuss_symptoms,urgent,Patient described current health symptoms. Communication emphasized immediate action needed.,"joints, swollen, painful,, especially, mornings."
500,The physical therapy exercises caused more pain - is this normal?,These test results are not what we hoped for. We need to reconsider our approach immediately.,follow_up,negative,Patient followed up regarding previous consultation. Communication expressed concerns or dissatisfaction.,"physical, therapy, exercises, caused, normal?"
