conversation_id,patient_message,doctor_response,intent,sentiment,summary,key_points
1,I've been waiting 45 minutes past my scheduled appointment time.,The administrative team will conduct a thorough investigation into the reported procedural deviation.,complaint,formal,Patient reported dissatisfaction or issues. Communication was professional and technical.,"waiting, minutes, scheduled, appointment, time."
2,What COVID safety measures are you currently following?,We accept most major insurance plans. May I have your member ID to verify?,general_questions,neutral,Patient asked general information about services. Communication was matter-of-fact.,"COVID, safety, measures, currently, following?"
3,The antidepressant dosage doesn't seem effective anymore - can we adjust?,"Hey, thanks for the heads-up about running low! I'll get that sent over to your pharmacy today.",ask_prescription,friendly,Patient asked for medication renewal or advice. Communication was warm and personable.,"antidepressant, dosage, doesn't, effective, anymore"
4,Your online portal isn't working and I can't access my medical records.,This level of service is completely unacceptable. I share your frustration entirely.,complaint,negative,Patient reported dissatisfaction or issues. Communication expressed concerns or dissatisfaction.,"online, portal, isn't, working, can't"
5,I'd like to make a same-day urgent appointment if possible.,I can help with that. Would you prefer an early morning or late afternoon appointment?,request_appointment,neutral,Patient requested a future consultation. Communication was matter-of-fact.,"same-day, urgent, appointment, possible."
6,It's been 2 weeks since my surgery - when should I come for a wound check?,These test results raise some concerns for me. Let's take a closer look at what's happening.,follow_up,concerned,Patient followed up regarding previous consultation. Communication expressed worry or caution.,"weeks, since, surgery, should, wound"
7,Can I book a follow-up with Dr. Smith for my post-op check?,Great news! We have several convenient openings that should work perfectly for your schedule.,request_appointment,positive,Patient requested a future consultation. Communication had an optimistic tone.,"follow-up, Smith, post-op, check?"
8,I've had a persistent headache for three days now with blurred vision.,"I hear you're really going through a tough time with these symptoms. Let's figure this out together, okay?",discuss_symptoms,friendly,Patient described current health symptoms. Communication was warm and personable.,"persistent, headache, three, blurred, vision."
9,I'd like to make a same-day urgent appointment if possible.,I regret to inform you that Dr. Smith's schedule is completely full for the next month.,request_appointment,negative,Patient requested a future consultation. Communication expressed concerns or dissatisfaction.,"same-day, urgent, appointment, possible."
10,Could I get an appointment with the cardiology department?,The scheduling protocol allows for a consultation on the requested date pending insurance verification.,request_appointment,formal,Patient requested a future consultation. Communication was professional and technical.,"Could, appointment, cardiology, department?"
11,Can you prescribe something stronger for my chronic back pain?,The clinical protocol indicates that medication adjustment may be warranted based on reported efficacy.,ask_prescription,formal,Patient asked for medication renewal or advice. Communication was professional and technical.,"prescribe, something, stronger, chronic, pain?"
12,The billing department charged me for services I never received.,I sincerely apologize for this experience - it's completely our fault and we will make it right.,complaint,apologetic,Patient reported dissatisfaction or issues. Communication included regret or apologies.,"billing, department, charged, services, never"
13,There's sharp pain in my lower right abdomen that comes and goes.,That sounds notable. Have you noticed any triggers or patterns to when this occurs?,discuss_symptoms,neutral,Patient described current health symptoms. Communication was matter-of-fact.,"There's, sharp, lower, right, abdomen"
14,My blood sugar levels have stabilized - do I still need the same dosage?,Hey there! So good to hear from you! How are you feeling after our last appointment?,follow_up,friendly,Patient followed up regarding previous consultation. Communication was warm and personable.,"blood, sugar, levels, stabilized, still"
15,I've had a persistent headache for three days now with blurred vision.,I'm genuinely concerned about what you're experiencing. Let's take these symptoms very seriously.,discuss_symptoms,concerned,Patient described current health symptoms. Communication expressed worry or caution.,"persistent, headache, three, blurred, vision."
16,I've had a persistent headache for three days now with blurred vision.,These symptoms need immediate investigation. I'm going to expedite some tests right away.,discuss_symptoms,urgent,Patient described current health symptoms. Communication emphasized immediate action needed.,"persistent, headache, three, blurred, vision."
17,I'm having bad side effects from the new medication - can we switch?,I can certainly renew that. Has your current dosage been effective for you?,ask_prescription,neutral,Patient asked for medication renewal or advice. Communication was matter-of-fact.,"having, effects, medication, switch?"
18,The doctor didn't explain my diagnosis clearly - I have many unanswered questions.,This level of service is completely unacceptable. I share your frustration entirely.,complaint,negative,Patient reported dissatisfaction or issues. Communication expressed concerns or dissatisfaction.,"doctor, didn't, explain, diagnosis, clearly"
19,I completed the treatment but still feel fatigued - what next?,The post-procedure assessment indicates satisfactory healing with no contraindications for resuming normal activity.,follow_up,formal,Patient followed up regarding previous consultation. Communication was professional and technical.,"completed, treatment, still, fatigued, next?"
20,Could I get an appointment with the cardiology department?,"Upon reviewing the physician's calendar, there is availability on Thursday at 2:15pm or Friday at 10:30am.",request_appointment,formal,Patient requested a future consultation. Communication was professional and technical.,"Could, appointment, cardiology, department?"
21,There's a strange numbness in my left arm that won't go away.,These symptoms are concerning and require immediate attention. I'm not satisfied with what I'm hearing.,discuss_symptoms,negative,Patient described current health symptoms. Communication expressed concerns or dissatisfaction.,"There's, strange, numbness, won't, away."
22,Do you provide interpreter services for non-English speakers?,Insurance verification protocols require submission of credentials 48 hours prior to scheduled appointments.,general_questions,formal,Patient asked general information about services. Communication was professional and technical.,"provide, interpreter, services, non-English, speakers?"
23,I completed the treatment but still feel fatigued - what next?,These follow-up symptoms require urgent attention. Can you come to the office today?,follow_up,urgent,Patient followed up regarding previous consultation. Communication emphasized immediate action needed.,"completed, treatment, still, fatigued, next?"
24,Are there any weekend slots available for a general consultation?,"Upon reviewing the physician's calendar, there is availability on Thursday at 2:15pm or Friday at 10:30am.",request_appointment,formal,Patient requested a future consultation. Communication was professional and technical.,"there, weekend, slots, available, general"
25,"My joints are swollen and painful, especially in the mornings.","You know, I had another patient with similar issues last week - don't worry, we'll get to the bottom of this!",discuss_symptoms,friendly,Patient described current health symptoms. Communication was warm and personable.,"joints, swollen, painful,, especially, mornings."
26,I'm having bad side effects from the new medication - can we switch?,"Upon review of your medical history, a prescription renewal is authorized pending pharmacy verification.",ask_prescription,formal,Patient asked for medication renewal or advice. Communication was professional and technical.,"having, effects, medication, switch?"
27,I completed the treatment but still feel fatigued - what next?,These test results raise some concerns for me. Let's take a closer look at what's happening.,follow_up,concerned,Patient followed up regarding previous consultation. Communication expressed worry or caution.,"completed, treatment, still, fatigued, next?"
28,Your online portal isn't working and I can't access my medical records.,This requires immediate attention. I'm escalating this to our director right now.,complaint,urgent,Patient reported dissatisfaction or issues. Communication emphasized immediate action needed.,"online, portal, isn't, working, can't"
29,The doctor didn't explain my diagnosis clearly - I have many unanswered questions.,I sincerely apologize for this experience - it's completely our fault and we will make it right.,complaint,apologetic,Patient reported dissatisfaction or issues. Communication included regret or apologies.,"doctor, didn't, explain, diagnosis, clearly"
30,Do I need a new prescription for my ongoing thyroid medication?,I'm sorry you've been experiencing these medication issues. That must be frustrating.,ask_prescription,apologetic,Patient asked for medication renewal or advice. Communication included regret or apologies.,"prescription, ongoing, thyroid, medication?"
31,I'm traveling abroad and need a 3-month supply of my blood thinners.,"Upon review of your medical history, a prescription renewal is authorized pending pharmacy verification.",ask_prescription,formal,Patient asked for medication renewal or advice. Communication was professional and technical.,"traveling, abroad, 3-month, supply, blood"
32,Can I book a follow-up with Dr. Smith for my post-op check?,"Based on what you're describing, I think we should get you in sooner rather than later. How's tomorrow?",request_appointment,concerned,Patient requested a future consultation. Communication expressed worry or caution.,"follow-up, Smith, post-op, check?"
33,I completed the treatment but still feel fatigued - what next?,I'm actually quite worried about these lingering symptoms. They shouldn't still be present.,follow_up,concerned,Patient followed up regarding previous consultation. Communication expressed worry or caution.,"completed, treatment, still, fatigued, next?"
34,Where can I park when coming for my appointment?,We accept most major insurance plans. May I have your member ID to verify?,general_questions,neutral,Patient asked general information about services. Communication was matter-of-fact.,"Where, coming, appointment?"
35,I need to schedule my annual diabetes screening and checkup.,"Upon reviewing the physician's calendar, there is availability on Thursday at 2:15pm or Friday at 10:30am.",request_appointment,formal,Patient requested a future consultation. Communication was professional and technical.,"schedule, annual, diabetes, screening, checkup."
36,I need to schedule my annual diabetes screening and checkup.,Let me check our availability. Are you looking for something this week or next?,request_appointment,neutral,Patient requested a future consultation. Communication was matter-of-fact.,"schedule, annual, diabetes, screening, checkup."
37,I noticed blood in my urine this morning with some burning sensation.,"According to clinical guidelines, these symptoms necessitate a comprehensive examination and possibly diagnostic imaging.",discuss_symptoms,formal,Patient described current health symptoms. Communication was professional and technical.,"noticed, blood, urine, morning, burning"
38,There's a strange numbness in my left arm that won't go away.,"Given what you've described, we need to run tests immediately. This requires urgent attention.",discuss_symptoms,urgent,Patient described current health symptoms. Communication emphasized immediate action needed.,"There's, strange, numbness, won't, away."
39,Could I get an appointment with the cardiology department?,Let me check our availability. Are you looking for something this week or next?,request_appointment,neutral,Patient requested a future consultation. Communication was matter-of-fact.,"Could, appointment, cardiology, department?"
40,The antibiotics helped but my sinus infection isn't completely gone.,I'm not satisfied with your progress. These symptoms indicate the treatment isn't working.,follow_up,negative,Patient followed up regarding previous consultation. Communication expressed concerns or dissatisfaction.,"antibiotics, helped, sinus, infection, isn't"
41,Do you provide interpreter services for non-English speakers?,Great question! We're pleased to offer extended holiday hours for your convenience.,general_questions,positive,Patient asked general information about services. Communication had an optimistic tone.,"provide, interpreter, services, non-English, speakers?"
42,Do I need a new prescription for my ongoing thyroid medication?,This is critical - I'm sending an emergency prescription to your pharmacy to be ready within the hour.,ask_prescription,urgent,Patient asked for medication renewal or advice. Communication emphasized immediate action needed.,"prescription, ongoing, thyroid, medication?"
43,My blood sugar levels have stabilized - do I still need the same dosage?,The post-procedure assessment indicates satisfactory healing with no contraindications for resuming normal activity.,follow_up,formal,Patient followed up regarding previous consultation. Communication was professional and technical.,"blood, sugar, levels, stabilized, still"
44,Where can I park when coming for my appointment?,We accept most major insurance plans. May I have your member ID to verify?,general_questions,neutral,Patient asked general information about services. Communication was matter-of-fact.,"Where, coming, appointment?"
45,There's a strange numbness in my left arm that won't go away.,"Given what you've described, we need to run tests immediately. This requires urgent attention.",discuss_symptoms,urgent,Patient described current health symptoms. Communication emphasized immediate action needed.,"There's, strange, numbness, won't, away."
46,Can you prescribe something stronger for my chronic back pain?,I apologize for the confusion with your prescription. Let me fix this right away.,ask_prescription,apologetic,Patient asked for medication renewal or advice. Communication included regret or apologies.,"prescribe, something, stronger, chronic, pain?"
47,The prescription you sent was out of stock at my pharmacy with no alternatives.,This requires immediate attention. I'm escalating this to our director right now.,complaint,urgent,Patient reported dissatisfaction or issues. Communication emphasized immediate action needed.,"prescription, stock, pharmacy, alternatives."
48,There's a strange numbness in my left arm that won't go away.,I'm quite worried about these symptoms. They indicate a potentially serious condition we need to address.,discuss_symptoms,negative,Patient described current health symptoms. Communication expressed concerns or dissatisfaction.,"There's, strange, numbness, won't, away."
49,The receptionist was very rude when I called to reschedule.,I sincerely apologize for this experience - it's completely our fault and we will make it right.,complaint,apologetic,Patient reported dissatisfaction or issues. Communication included regret or apologies.,"receptionist, called, reschedule."
50,How do I get a copy of my medical records transferred to another provider?,We accept most major insurance plans. May I have your member ID to verify?,general_questions,neutral,Patient asked general information about services. Communication was matter-of-fact.,"medical, records, transferred, another, provider?"
51,I lost my prescription slip for the antibiotics - can you reissue?,I'm concerned about renewing this medication without seeing you first. These side effects are troubling.,ask_prescription,negative,Patient asked for medication renewal or advice. Communication expressed concerns or dissatisfaction.,"prescription, antibiotics, reissue?"
52,I'd like to make a same-day urgent appointment if possible.,"Given your situation, I'll rearrange the schedule to fit you in today. This can't wait.",request_appointment,urgent,Patient requested a future consultation. Communication emphasized immediate action needed.,"same-day, urgent, appointment, possible."
53,The physical therapy exercises caused more pain - is this normal?,"Given what you're describing, I need you to come in immediately for reassessment.",follow_up,urgent,Patient followed up regarding previous consultation. Communication emphasized immediate action needed.,"physical, therapy, exercises, caused, normal?"
54,I've been tracking my blood pressure as instructed - should I continue the meds?,Let's review your case. What improvements have you noticed with the treatment?,follow_up,neutral,Patient followed up regarding previous consultation. Communication was matter-of-fact.,"tracking, blood, pressure, instructed, should"
55,Do I need a new prescription for my ongoing thyroid medication?,"Given your situation, I'm authorizing an immediate refill that you can pick up today.",ask_prescription,urgent,Patient asked for medication renewal or advice. Communication emphasized immediate action needed.,"prescription, ongoing, thyroid, medication?"
56,I have severe diarrhea and vomiting since last night - can't keep anything down.,These symptoms are concerning and require immediate attention. I'm not satisfied with what I'm hearing.,discuss_symptoms,negative,Patient described current health symptoms. Communication expressed concerns or dissatisfaction.,"severe, diarrhea, vomiting, since, night"
57,Do I need a new prescription for my ongoing thyroid medication?,I can certainly renew that. Has your current dosage been effective for you?,ask_prescription,neutral,Patient asked for medication renewal or advice. Communication was matter-of-fact.,"prescription, ongoing, thyroid, medication?"
58,My child needs a sports physical - do you have pediatric appointments tomorrow?,The scheduling protocol allows for a consultation on the requested date pending insurance verification.,request_appointment,formal,Patient requested a future consultation. Communication was professional and technical.,"child, needs, sports, physical, pediatric"
59,I need to schedule my annual diabetes screening and checkup.,"You know what, I remember you from your last visit! Let's find a perfect time that works for you.",request_appointment,friendly,Patient requested a future consultation. Communication was warm and personable.,"schedule, annual, diabetes, screening, checkup."
60,Which hospital are you affiliated with for emergencies?,Great question! We're pleased to offer extended holiday hours for your convenience.,general_questions,positive,Patient asked general information about services. Communication had an optimistic tone.,"Which, hospital, affiliated, emergencies?"
61,What's your policy on late cancellations?,I'm happy to confirm that we accept your insurance with excellent coverage options.,general_questions,positive,Patient asked general information about services. Communication had an optimistic tone.,"What's, policy, cancellations?"
62,My child needs a sports physical - do you have pediatric appointments tomorrow?,"Given your situation, I'll rearrange the schedule to fit you in today. This can't wait.",request_appointment,urgent,Patient requested a future consultation. Communication emphasized immediate action needed.,"child, needs, sports, physical, pediatric"
63,There's sharp pain in my lower right abdomen that comes and goes.,That sounds notable. Have you noticed any triggers or patterns to when this occurs?,discuss_symptoms,neutral,Patient described current health symptoms. Communication was matter-of-fact.,"There's, sharp, lower, right, abdomen"
64,Can you prescribe something stronger for my chronic back pain?,"Upon review of your medical history, a prescription renewal is authorized pending pharmacy verification.",ask_prescription,formal,Patient asked for medication renewal or advice. Communication was professional and technical.,"prescribe, something, stronger, chronic, pain?"
65,Do you accept my new insurance plan?,"Our regular hours are 8am-6pm weekdays, with urgent care until 8pm.",general_questions,neutral,Patient asked general information about services. Communication was matter-of-fact.,"accept, insurance, plan?"
66,What's your policy on late cancellations?,"Oh, holidays are actually when we have our most flexible hours! We try to make it super convenient!",general_questions,friendly,Patient asked general information about services. Communication was warm and personable.,"What's, policy, cancellations?"
67,There's sharp pain in my lower right abdomen that comes and goes.,These symptoms raise some red flags for me. I want to make sure we don't miss anything important.,discuss_symptoms,concerned,Patient described current health symptoms. Communication expressed worry or caution.,"There's, sharp, lower, right, abdomen"
68,My pharmacy says they need prior authorization for my new cholesterol meds.,I can certainly renew that. Has your current dosage been effective for you?,ask_prescription,neutral,Patient asked for medication renewal or advice. Communication was matter-of-fact.,"pharmacy, prior, authorization, cholesterol, meds."
69,I have severe diarrhea and vomiting since last night - can't keep anything down.,I'm genuinely concerned about what you're experiencing. Let's take these symptoms very seriously.,discuss_symptoms,concerned,Patient described current health symptoms. Communication expressed worry or caution.,"severe, diarrhea, vomiting, since, night"
70,It's been 2 weeks since my surgery - when should I come for a wound check?,Let's review your case. What improvements have you noticed with the treatment?,follow_up,neutral,Patient followed up regarding previous consultation. Communication was matter-of-fact.,"weeks, since, surgery, should, wound"
71,I have severe diarrhea and vomiting since last night - can't keep anything down.,I understand this must be worrying. How long exactly have you been experiencing these symptoms?,discuss_symptoms,neutral,Patient described current health symptoms. Communication was matter-of-fact.,"severe, diarrhea, vomiting, since, night"
72,I need to schedule my annual diabetes screening and checkup.,I regret to inform you that Dr. Smith's schedule is completely full for the next month.,request_appointment,negative,Patient requested a future consultation. Communication expressed concerns or dissatisfaction.,"schedule, annual, diabetes, screening, checkup."
73,What COVID safety measures are you currently following?,The facility operational hours during designated holidays are restricted to 10am-2pm for essential services only.,general_questions,formal,Patient asked general information about services. Communication was professional and technical.,"COVID, safety, measures, currently, following?"
74,There's sharp pain in my lower right abdomen that comes and goes.,"According to clinical guidelines, these symptoms necessitate a comprehensive examination and possibly diagnostic imaging.",discuss_symptoms,formal,Patient described current health symptoms. Communication was professional and technical.,"There's, sharp, lower, right, abdomen"
75,My blood sugar levels have stabilized - do I still need the same dosage?,The post-procedure assessment indicates satisfactory healing with no contraindications for resuming normal activity.,follow_up,formal,Patient followed up regarding previous consultation. Communication was professional and technical.,"blood, sugar, levels, stabilized, still"
76,I need to schedule my annual diabetes screening and checkup.,Let me check our availability. Are you looking for something this week or next?,request_appointment,neutral,Patient requested a future consultation. Communication was matter-of-fact.,"schedule, annual, diabetes, screening, checkup."
77,My blood sugar levels have stabilized - do I still need the same dosage?,I'm not satisfied with your progress. These symptoms indicate the treatment isn't working.,follow_up,negative,Patient followed up regarding previous consultation. Communication expressed concerns or dissatisfaction.,"blood, sugar, levels, stabilized, still"
78,I need to schedule a physical exam before my overseas trip next month.,I regret to inform you that Dr. Smith's schedule is completely full for the next month.,request_appointment,negative,Patient requested a future consultation. Communication expressed concerns or dissatisfaction.,"schedule, physical, before, overseas, month."
79,Can you prescribe something stronger for my chronic back pain?,I can certainly renew that. Has your current dosage been effective for you?,ask_prescription,neutral,Patient asked for medication renewal or advice. Communication was matter-of-fact.,"prescribe, something, stronger, chronic, pain?"
80,There's sharp pain in my lower right abdomen that comes and goes.,I understand this must be worrying. How long exactly have you been experiencing these symptoms?,discuss_symptoms,neutral,Patient described current health symptoms. Communication was matter-of-fact.,"There's, sharp, lower, right, abdomen"
81,There's a strange numbness in my left arm that won't go away.,These symptoms raise some red flags for me. I want to make sure we don't miss anything important.,discuss_symptoms,concerned,Patient described current health symptoms. Communication expressed worry or caution.,"There's, strange, numbness, won't, away."
82,Where can I park when coming for my appointment?,The facility operational hours during designated holidays are restricted to 10am-2pm for essential services only.,general_questions,formal,Patient asked general information about services. Communication was professional and technical.,"Where, coming, appointment?"
83,The receptionist was very rude when I called to reschedule.,I appreciate you bringing this to our attention. We're always looking for ways to do better.,complaint,positive,Patient reported dissatisfaction or issues. Communication had an optimistic tone.,"receptionist, called, reschedule."
84,The nurse didn't return my urgent call about medication side effects.,I'm deeply troubled by what you experienced. This isn't the care standard we aim to provide.,complaint,concerned,Patient reported dissatisfaction or issues. Communication expressed worry or caution.,"nurse, didn't, return, urgent, about"
85,Your online portal isn't working and I can't access my medical records.,I'm deeply troubled by what you experienced. This isn't the care standard we aim to provide.,complaint,concerned,Patient reported dissatisfaction or issues. Communication expressed worry or caution.,"online, portal, isn't, working, can't"
86,The antidepressant dosage doesn't seem effective anymore - can we adjust?,The clinical protocol indicates that medication adjustment may be warranted based on reported efficacy.,ask_prescription,formal,Patient asked for medication renewal or advice. Communication was professional and technical.,"antidepressant, dosage, doesn't, effective, anymore"
87,I've had a persistent headache for three days now with blurred vision.,I'm quite worried about these symptoms. They indicate a potentially serious condition we need to address.,discuss_symptoms,negative,Patient described current health symptoms. Communication expressed concerns or dissatisfaction.,"persistent, headache, three, blurred, vision."
88,I'd like to make a same-day urgent appointment if possible.,"Based on what you're describing, I think we should get you in sooner rather than later. How's tomorrow?",request_appointment,concerned,Patient requested a future consultation. Communication expressed worry or caution.,"same-day, urgent, appointment, possible."
89,The nurse didn't return my urgent call about medication side effects.,This level of service is completely unacceptable. I share your frustration entirely.,complaint,negative,Patient reported dissatisfaction or issues. Communication expressed concerns or dissatisfaction.,"nurse, didn't, return, urgent, about"
90,The prescription you sent was out of stock at my pharmacy with no alternatives.,"I'm totally with you on this one - that experience wasn't okay, and we can do better!",complaint,friendly,Patient reported dissatisfaction or issues. Communication was warm and personable.,"prescription, stock, pharmacy, alternatives."
91,I've been tracking my blood pressure as instructed - should I continue the meds?,Hey there! So good to hear from you! How are you feeling after our last appointment?,follow_up,friendly,Patient followed up regarding previous consultation. Communication was warm and personable.,"tracking, blood, pressure, instructed, should"
92,The nurse didn't return my urgent call about medication side effects.,This requires immediate attention. I'm escalating this to our director right now.,complaint,urgent,Patient reported dissatisfaction or issues. Communication emphasized immediate action needed.,"nurse, didn't, return, urgent, about"
93,Can you prescribe something stronger for my chronic back pain?,No problem at all with that refill! I'll take care of it right away so you don't have to worry.,ask_prescription,friendly,Patient asked for medication renewal or advice. Communication was warm and personable.,"prescribe, something, stronger, chronic, pain?"
94,"My joints are swollen and painful, especially in the mornings.",These symptoms are concerning and require immediate attention. I'm not satisfied with what I'm hearing.,discuss_symptoms,negative,Patient described current health symptoms. Communication expressed concerns or dissatisfaction.,"joints, swollen, painful,, especially, mornings."
95,I noticed blood in my urine this morning with some burning sensation.,These symptoms raise some red flags for me. I want to make sure we don't miss anything important.,discuss_symptoms,concerned,Patient described current health symptoms. Communication expressed worry or caution.,"noticed, blood, urine, morning, burning"
96,I need to schedule my annual diabetes screening and checkup.,Let me check our availability. Are you looking for something this week or next?,request_appointment,neutral,Patient requested a future consultation. Communication was matter-of-fact.,"schedule, annual, diabetes, screening, checkup."
97,Do you provide interpreter services for non-English speakers?,"Our regular hours are 8am-6pm weekdays, with urgent care until 8pm.",general_questions,neutral,Patient asked general information about services. Communication was matter-of-fact.,"provide, interpreter, services, non-English, speakers?"
98,My child needs a sports physical - do you have pediatric appointments tomorrow?,I'd be happy to schedule that for you! We have some excellent time slots available.,request_appointment,positive,Patient requested a future consultation. Communication had an optimistic tone.,"child, needs, sports, physical, pediatric"
99,My child needs a sports physical - do you have pediatric appointments tomorrow?,I can help with that. Would you prefer an early morning or late afternoon appointment?,request_appointment,neutral,Patient requested a future consultation. Communication was matter-of-fact.,"child, needs, sports, physical, pediatric"
100,Where can I park when coming for my appointment?,"Our regular hours are 8am-6pm weekdays, with urgent care until 8pm.",general_questions,neutral,Patient asked general information about services. Communication was matter-of-fact.,"Where, coming, appointment?"
101,The rash has spread despite using the prescribed cream - what now?,These are excellent results. You're responding to treatment better than expected.,follow_up,positive,Patient followed up regarding previous consultation. Communication had an optimistic tone.,"spread, despite, using, prescribed, cream"
102,The nurse didn't return my urgent call about medication side effects.,Thank you so much for this feedback. It's patients like you who help us improve our services.,complaint,positive,Patient reported dissatisfaction or issues. Communication had an optimistic tone.,"nurse, didn't, return, urgent, about"
103,Do I need a new prescription for my ongoing thyroid medication?,This is critical - I'm sending an emergency prescription to your pharmacy to be ready within the hour.,ask_prescription,urgent,Patient asked for medication renewal or advice. Communication emphasized immediate action needed.,"prescription, ongoing, thyroid, medication?"
104,I've been tracking my blood pressure as instructed - should I continue the meds?,Glad you're following up. How have your symptoms progressed since we last spoke?,follow_up,neutral,Patient followed up regarding previous consultation. Communication was matter-of-fact.,"tracking, blood, pressure, instructed, should"
105,I completed the treatment but still feel fatigued - what next?,These are excellent results. You're responding to treatment better than expected.,follow_up,positive,Patient followed up regarding previous consultation. Communication had an optimistic tone.,"completed, treatment, still, fatigued, next?"
106,What's your policy on late cancellations?,"Oh, holidays are actually when we have our most flexible hours! We try to make it super convenient!",general_questions,friendly,Patient asked general information about services. Communication was warm and personable.,"What's, policy, cancellations?"
107,I've been waiting 45 minutes past my scheduled appointment time.,I sincerely apologize for this experience - it's completely our fault and we will make it right.,complaint,apologetic,Patient reported dissatisfaction or issues. Communication included regret or apologies.,"waiting, minutes, scheduled, appointment, time."
108,What COVID safety measures are you currently following?,I'm happy to confirm that we accept your insurance with excellent coverage options.,general_questions,positive,Patient asked general information about services. Communication had an optimistic tone.,"COVID, safety, measures, currently, following?"
109,Do I need a new prescription for my ongoing thyroid medication?,"Hey, thanks for the heads-up about running low! I'll get that sent over to your pharmacy today.",ask_prescription,friendly,Patient asked for medication renewal or advice. Communication was warm and personable.,"prescription, ongoing, thyroid, medication?"
110,The biopsy results came back - can we discuss them at my next visit?,I'm actually quite worried about these lingering symptoms. They shouldn't still be present.,follow_up,concerned,Patient followed up regarding previous consultation. Communication expressed worry or caution.,"biopsy, results, discuss, visit?"
111,There's sharp pain in my lower right abdomen that comes and goes.,These symptoms are concerning and require immediate attention. I'm not satisfied with what I'm hearing.,discuss_symptoms,negative,Patient described current health symptoms. Communication expressed concerns or dissatisfaction.,"There's, sharp, lower, right, abdomen"
112,I need to schedule my annual diabetes screening and checkup.,"Upon reviewing the physician's calendar, there is availability on Thursday at 2:15pm or Friday at 10:30am.",request_appointment,formal,Patient requested a future consultation. Communication was professional and technical.,"schedule, annual, diabetes, screening, checkup."
113,I'm traveling abroad and need a 3-month supply of my blood thinners.,"Unfortunately, I cannot authorize this refill until we address these concerning lab results.",ask_prescription,negative,Patient asked for medication renewal or advice. Communication expressed concerns or dissatisfaction.,"traveling, abroad, 3-month, supply, blood"
114,I lost my prescription slip for the antibiotics - can you reissue?,"Great news! Your lab results look excellent, so I'm happy to continue your current medication.",ask_prescription,positive,Patient asked for medication renewal or advice. Communication had an optimistic tone.,"prescription, antibiotics, reissue?"
115,The antibiotics helped but my sinus infection isn't completely gone.,Let's review your case. What improvements have you noticed with the treatment?,follow_up,neutral,Patient followed up regarding previous consultation. Communication was matter-of-fact.,"antibiotics, helped, sinus, infection, isn't"
116,The doctor didn't explain my diagnosis clearly - I have many unanswered questions.,I sincerely apologize for this experience - it's completely our fault and we will make it right.,complaint,apologetic,Patient reported dissatisfaction or issues. Communication included regret or apologies.,"doctor, didn't, explain, diagnosis, clearly"
117,The antibiotics helped but my sinus infection isn't completely gone.,I'm very encouraged by your progress! The treatment is working exactly as we hoped.,follow_up,positive,Patient followed up regarding previous consultation. Communication had an optimistic tone.,"antibiotics, helped, sinus, infection, isn't"
118,My insulin prescription is running low - can you send a refill to CVS?,I'm concerned about renewing this medication without seeing you first. These side effects are troubling.,ask_prescription,negative,Patient asked for medication renewal or advice. Communication expressed concerns or dissatisfaction.,"insulin, prescription, running, refill"
119,There's sharp pain in my lower right abdomen that comes and goes.,I understand this must be worrying. How long exactly have you been experiencing these symptoms?,discuss_symptoms,neutral,Patient described current health symptoms. Communication was matter-of-fact.,"There's, sharp, lower, right, abdomen"
120,It's been 2 weeks since my surgery - when should I come for a wound check?,The post-procedure assessment indicates satisfactory healing with no contraindications for resuming normal activity.,follow_up,formal,Patient followed up regarding previous consultation. Communication was professional and technical.,"weeks, since, surgery, should, wound"
121,Which hospital are you affiliated with for emergencies?,"Oh, holidays are actually when we have our most flexible hours! We try to make it super convenient!",general_questions,friendly,Patient asked general information about services. Communication was warm and personable.,"Which, hospital, affiliated, emergencies?"
122,I'm having bad side effects from the new medication - can we switch?,"These symptoms concern me - before renewing, I'd like to check if this medication is still right for you.",ask_prescription,concerned,Patient asked for medication renewal or advice. Communication expressed worry or caution.,"having, effects, medication, switch?"
123,The billing department charged me for services I never received.,The administrative team will conduct a thorough investigation into the reported procedural deviation.,complaint,formal,Patient reported dissatisfaction or issues. Communication was professional and technical.,"billing, department, charged, services, never"
124,I'm having bad side effects from the new medication - can we switch?,"Let me verify - you need a refill for your medication, correct?",ask_prescription,neutral,Patient asked for medication renewal or advice. Communication was matter-of-fact.,"having, effects, medication, switch?"
125,The antidepressant dosage doesn't seem effective anymore - can we adjust?,I can certainly renew that. Has your current dosage been effective for you?,ask_prescription,neutral,Patient asked for medication renewal or advice. Communication was matter-of-fact.,"antidepressant, dosage, doesn't, effective, anymore"
126,Do I need a new prescription for my ongoing thyroid medication?,The clinical protocol indicates that medication adjustment may be warranted based on reported efficacy.,ask_prescription,formal,Patient asked for medication renewal or advice. Communication was professional and technical.,"prescription, ongoing, thyroid, medication?"
127,I have severe diarrhea and vomiting since last night - can't keep anything down.,"I hear you're really going through a tough time with these symptoms. Let's figure this out together, okay?",discuss_symptoms,friendly,Patient described current health symptoms. Communication was warm and personable.,"severe, diarrhea, vomiting, since, night"
128,There's sharp pain in my lower right abdomen that comes and goes.,These symptoms need immediate investigation. I'm going to expedite some tests right away.,discuss_symptoms,urgent,Patient described current health symptoms. Communication emphasized immediate action needed.,"There's, sharp, lower, right, abdomen"
129,My child needs a sports physical - do you have pediatric appointments tomorrow?,Great news! We have several convenient openings that should work perfectly for your schedule.,request_appointment,positive,Patient requested a future consultation. Communication had an optimistic tone.,"child, needs, sports, physical, pediatric"
130,I lost my prescription slip for the antibiotics - can you reissue?,I can certainly renew that. Has your current dosage been effective for you?,ask_prescription,neutral,Patient asked for medication renewal or advice. Communication was matter-of-fact.,"prescription, antibiotics, reissue?"
131,Do you provide interpreter services for non-English speakers?,Insurance verification protocols require submission of credentials 48 hours prior to scheduled appointments.,general_questions,formal,Patient asked general information about services. Communication was professional and technical.,"provide, interpreter, services, non-English, speakers?"
132,The nurse didn't return my urgent call about medication side effects.,I am so sorry this happened to you. There's no excuse for this kind of treatment.,complaint,apologetic,Patient reported dissatisfaction or issues. Communication included regret or apologies.,"nurse, didn't, return, urgent, about"
133,Are there any weekend slots available for a general consultation?,Let me check our availability. Are you looking for something this week or next?,request_appointment,neutral,Patient requested a future consultation. Communication was matter-of-fact.,"there, weekend, slots, available, general"
134,My pharmacy says they need prior authorization for my new cholesterol meds.,"Let me verify - you need a refill for your medication, correct?",ask_prescription,neutral,Patient asked for medication renewal or advice. Communication was matter-of-fact.,"pharmacy, prior, authorization, cholesterol, meds."
135,My pharmacy says they need prior authorization for my new cholesterol meds.,I'm pleased to renew this prescription for you. The treatment seems to be working very well.,ask_prescription,positive,Patient asked for medication renewal or advice. Communication had an optimistic tone.,"pharmacy, prior, authorization, cholesterol, meds."
136,It's been 2 weeks since my surgery - when should I come for a wound check?,I'm very encouraged by your progress! The treatment is working exactly as we hoped.,follow_up,positive,Patient followed up regarding previous consultation. Communication had an optimistic tone.,"weeks, since, surgery, should, wound"
137,The biopsy results came back - can we discuss them at my next visit?,"You know, I've been thinking about your case - sounds like you're really making progress!",follow_up,friendly,Patient followed up regarding previous consultation. Communication was warm and personable.,"biopsy, results, discuss, visit?"
138,I completed the treatment but still feel fatigued - what next?,"You know, I've been thinking about your case - sounds like you're really making progress!",follow_up,friendly,Patient followed up regarding previous consultation. Communication was warm and personable.,"completed, treatment, still, fatigued, next?"
139,The biopsy results came back - can we discuss them at my next visit?,Let's review your case. What improvements have you noticed with the treatment?,follow_up,neutral,Patient followed up regarding previous consultation. Communication was matter-of-fact.,"biopsy, results, discuss, visit?"
140,The doctor didn't explain my diagnosis clearly - I have many unanswered questions.,I sincerely apologize for this experience - it's completely our fault and we will make it right.,complaint,apologetic,Patient reported dissatisfaction or issues. Communication included regret or apologies.,"doctor, didn't, explain, diagnosis, clearly"
141,I noticed blood in my urine this morning with some burning sensation.,These symptoms need immediate investigation. I'm going to expedite some tests right away.,discuss_symptoms,urgent,Patient described current health symptoms. Communication emphasized immediate action needed.,"noticed, blood, urine, morning, burning"
142,The prescription you sent was out of stock at my pharmacy with no alternatives.,I sincerely apologize for this experience - it's completely our fault and we will make it right.,complaint,apologetic,Patient reported dissatisfaction or issues. Communication included regret or apologies.,"prescription, stock, pharmacy, alternatives."
143,The physical therapy exercises caused more pain - is this normal?,Hey there! So good to hear from you! How are you feeling after our last appointment?,follow_up,friendly,Patient followed up regarding previous consultation. Communication was warm and personable.,"physical, therapy, exercises, caused, normal?"
144,The doctor didn't explain my diagnosis clearly - I have many unanswered questions.,I appreciate you bringing this to our attention. We're always looking for ways to do better.,complaint,positive,Patient reported dissatisfaction or issues. Communication had an optimistic tone.,"doctor, didn't, explain, diagnosis, clearly"
145,Where can I park when coming for my appointment?,I apologize that our holiday schedule is so limited. I know it can make things difficult.,general_questions,apologetic,Patient asked general information about services. Communication included regret or apologies.,"Where, coming, appointment?"
146,What COVID safety measures are you currently following?,Insurance verification protocols require submission of credentials 48 hours prior to scheduled appointments.,general_questions,formal,Patient asked general information about services. Communication was professional and technical.,"COVID, safety, measures, currently, following?"
147,The antidepressant dosage doesn't seem effective anymore - can we adjust?,I can certainly renew that. Has your current dosage been effective for you?,ask_prescription,neutral,Patient asked for medication renewal or advice. Communication was matter-of-fact.,"antidepressant, dosage, doesn't, effective, anymore"
148,There's sharp pain in my lower right abdomen that comes and goes.,These symptoms raise some red flags for me. I want to make sure we don't miss anything important.,discuss_symptoms,concerned,Patient described current health symptoms. Communication expressed worry or caution.,"There's, sharp, lower, right, abdomen"
149,Can I book a follow-up with Dr. Smith for my post-op check?,Let me check our availability. Are you looking for something this week or next?,request_appointment,neutral,Patient requested a future consultation. Communication was matter-of-fact.,"follow-up, Smith, post-op, check?"
150,The billing department charged me for services I never received.,"I'm totally with you on this one - that experience wasn't okay, and we can do better!",complaint,friendly,Patient reported dissatisfaction or issues. Communication was warm and personable.,"billing, department, charged, services, never"
151,What's your policy on late cancellations?,We accept most major insurance plans. May I have your member ID to verify?,general_questions,neutral,Patient asked general information about services. Communication was matter-of-fact.,"What's, policy, cancellations?"
152,"My joints are swollen and painful, especially in the mornings.",I'm sorry you've been dealing with this discomfort. We should have caught this during your last visit.,discuss_symptoms,apologetic,Patient described current health symptoms. Communication included regret or apologies.,"joints, swollen, painful,, especially, mornings."
153,I'd like to make a same-day urgent appointment if possible.,Great news! We have several convenient openings that should work perfectly for your schedule.,request_appointment,positive,Patient requested a future consultation. Communication had an optimistic tone.,"same-day, urgent, appointment, possible."
154,Could I get an appointment with the cardiology department?,"Unfortunately, we're extremely booked for the next three weeks due to staff shortages.",request_appointment,negative,Patient requested a future consultation. Communication expressed concerns or dissatisfaction.,"Could, appointment, cardiology, department?"
155,The antibiotics helped but my sinus infection isn't completely gone.,These test results are not what we hoped for. We need to reconsider our approach immediately.,follow_up,negative,Patient followed up regarding previous consultation. Communication expressed concerns or dissatisfaction.,"antibiotics, helped, sinus, infection, isn't"
156,I lost my prescription slip for the antibiotics - can you reissue?,"Given your situation, I'm authorizing an immediate refill that you can pick up today.",ask_prescription,urgent,Patient asked for medication renewal or advice. Communication emphasized immediate action needed.,"prescription, antibiotics, reissue?"
157,I've been tracking my blood pressure as instructed - should I continue the meds?,Let's review your case. What improvements have you noticed with the treatment?,follow_up,neutral,Patient followed up regarding previous consultation. Communication was matter-of-fact.,"tracking, blood, pressure, instructed, should"
158,I've been tracking my blood pressure as instructed - should I continue the meds?,Glad you're following up. How have your symptoms progressed since we last spoke?,follow_up,neutral,Patient followed up regarding previous consultation. Communication was matter-of-fact.,"tracking, blood, pressure, instructed, should"
159,I've been waiting 45 minutes past my scheduled appointment time.,Thank you for bringing this to our attention. This isn't our usual standard.,complaint,neutral,Patient reported dissatisfaction or issues. Communication was matter-of-fact.,"waiting, minutes, scheduled, appointment, time."
160,The rash has spread despite using the prescribed cream - what now?,Hey there! So good to hear from you! How are you feeling after our last appointment?,follow_up,friendly,Patient followed up regarding previous consultation. Communication was warm and personable.,"spread, despite, using, prescribed, cream"
161,The receptionist was very rude when I called to reschedule.,This level of service is completely unacceptable. I share your frustration entirely.,complaint,negative,Patient reported dissatisfaction or issues. Communication expressed concerns or dissatisfaction.,"receptionist, called, reschedule."
162,The prescription you sent was out of stock at my pharmacy with no alternatives.,I sincerely apologize for this experience - it's completely our fault and we will make it right.,complaint,apologetic,Patient reported dissatisfaction or issues. Communication included regret or apologies.,"prescription, stock, pharmacy, alternatives."
163,My insulin prescription is running low - can you send a refill to CVS?,"Let me verify - you need a refill for your medication, correct?",ask_prescription,neutral,Patient asked for medication renewal or advice. Communication was matter-of-fact.,"insulin, prescription, running, refill"
164,It's been 2 weeks since my surgery - when should I come for a wound check?,"You know, I've been thinking about your case - sounds like you're really making progress!",follow_up,friendly,Patient followed up regarding previous consultation. Communication was warm and personable.,"weeks, since, surgery, should, wound"
165,My insulin prescription is running low - can you send a refill to CVS?,I can certainly renew that. Has your current dosage been effective for you?,ask_prescription,neutral,Patient asked for medication renewal or advice. Communication was matter-of-fact.,"insulin, prescription, running, refill"
166,Do you accept my new insurance plan?,Insurance verification protocols require submission of credentials 48 hours prior to scheduled appointments.,general_questions,formal,Patient asked general information about services. Communication was professional and technical.,"accept, insurance, plan?"
167,"My joints are swollen and painful, especially in the mornings.",I'm genuinely concerned about what you're experiencing. Let's take these symptoms very seriously.,discuss_symptoms,concerned,Patient described current health symptoms. Communication expressed worry or caution.,"joints, swollen, painful,, especially, mornings."
168,What are your clinic hours on holidays?,We accept most major insurance plans. May I have your member ID to verify?,general_questions,neutral,Patient asked general information about services. Communication was matter-of-fact.,"clinic, hours, holidays?"
169,I've been waiting 45 minutes past my scheduled appointment time.,"Given the severity of this issue, I'm taking immediate steps to address it today.",complaint,urgent,Patient reported dissatisfaction or issues. Communication emphasized immediate action needed.,"waiting, minutes, scheduled, appointment, time."
170,I lost my prescription slip for the antibiotics - can you reissue?,"Great news! Your lab results look excellent, so I'm happy to continue your current medication.",ask_prescription,positive,Patient asked for medication renewal or advice. Communication had an optimistic tone.,"prescription, antibiotics, reissue?"
171,The doctor didn't explain my diagnosis clearly - I have many unanswered questions.,I sincerely apologize for this experience - it's completely our fault and we will make it right.,complaint,apologetic,Patient reported dissatisfaction or issues. Communication included regret or apologies.,"doctor, didn't, explain, diagnosis, clearly"
172,The receptionist was very rude when I called to reschedule.,I sincerely apologize for this experience - it's completely our fault and we will make it right.,complaint,apologetic,Patient reported dissatisfaction or issues. Communication included regret or apologies.,"receptionist, called, reschedule."
173,Your online portal isn't working and I can't access my medical records.,Your experience worries me greatly. No patient should face these kinds of issues.,complaint,concerned,Patient reported dissatisfaction or issues. Communication expressed worry or caution.,"online, portal, isn't, working, can't"
174,Where can I park when coming for my appointment?,"For urgent needs, please note our special holiday triage line is always available.",general_questions,urgent,Patient asked general information about services. Communication emphasized immediate action needed.,"Where, coming, appointment?"
175,I'm traveling abroad and need a 3-month supply of my blood thinners.,This is critical - I'm sending an emergency prescription to your pharmacy to be ready within the hour.,ask_prescription,urgent,Patient asked for medication renewal or advice. Communication emphasized immediate action needed.,"traveling, abroad, 3-month, supply, blood"
176,My blood sugar levels have stabilized - do I still need the same dosage?,The post-procedure assessment indicates satisfactory healing with no contraindications for resuming normal activity.,follow_up,formal,Patient followed up regarding previous consultation. Communication was professional and technical.,"blood, sugar, levels, stabilized, still"
177,Your online portal isn't working and I can't access my medical records.,I am so sorry this happened to you. There's no excuse for this kind of treatment.,complaint,apologetic,Patient reported dissatisfaction or issues. Communication included regret or apologies.,"online, portal, isn't, working, can't"
178,I need to schedule a physical exam before my overseas trip next month.,Great news! We have several convenient openings that should work perfectly for your schedule.,request_appointment,positive,Patient requested a future consultation. Communication had an optimistic tone.,"schedule, physical, before, overseas, month."
179,I'm having bad side effects from the new medication - can we switch?,I'm a bit worried about these side effects you're mentioning. Let's discuss alternatives to this medication.,ask_prescription,concerned,Patient asked for medication renewal or advice. Communication expressed worry or caution.,"having, effects, medication, switch?"
180,The receptionist was very rude when I called to reschedule.,Thank you for bringing this to our attention. This isn't our usual standard.,complaint,neutral,Patient reported dissatisfaction or issues. Communication was matter-of-fact.,"receptionist, called, reschedule."
181,Where can I park when coming for my appointment?,"Our regular hours are 8am-6pm weekdays, with urgent care until 8pm.",general_questions,neutral,Patient asked general information about services. Communication was matter-of-fact.,"Where, coming, appointment?"
182,I need to schedule my annual diabetes screening and checkup.,I can help with that. Would you prefer an early morning or late afternoon appointment?,request_appointment,neutral,Patient requested a future consultation. Communication was matter-of-fact.,"schedule, annual, diabetes, screening, checkup."
183,My child needs a sports physical - do you have pediatric appointments tomorrow?,I'd be happy to schedule that for you! We have some excellent time slots available.,request_appointment,positive,Patient requested a future consultation. Communication had an optimistic tone.,"child, needs, sports, physical, pediatric"
184,What are your clinic hours on holidays?,I'm happy to confirm that we accept your insurance with excellent coverage options.,general_questions,positive,Patient asked general information about services. Communication had an optimistic tone.,"clinic, hours, holidays?"
185,What are your clinic hours on holidays?,"Our regular hours are 8am-6pm weekdays, with urgent care until 8pm.",general_questions,neutral,Patient asked general information about services. Communication was matter-of-fact.,"clinic, hours, holidays?"
186,Your online portal isn't working and I can't access my medical records.,I am so sorry this happened to you. There's no excuse for this kind of treatment.,complaint,apologetic,Patient reported dissatisfaction or issues. Communication included regret or apologies.,"online, portal, isn't, working, can't"
187,The billing department charged me for services I never received.,This requires immediate attention. I'm escalating this to our director right now.,complaint,urgent,Patient reported dissatisfaction or issues. Communication emphasized immediate action needed.,"billing, department, charged, services, never"
188,What are your clinic hours on holidays?,We accept most major insurance plans. May I have your member ID to verify?,general_questions,neutral,Patient asked general information about services. Communication was matter-of-fact.,"clinic, hours, holidays?"
189,Where can I park when coming for my appointment?,I'm happy to confirm that we accept your insurance with excellent coverage options.,general_questions,positive,Patient asked general information about services. Communication had an optimistic tone.,"Where, coming, appointment?"
190,The nurse didn't return my urgent call about medication side effects.,This level of service is completely unacceptable. I share your frustration entirely.,complaint,negative,Patient reported dissatisfaction or issues. Communication expressed concerns or dissatisfaction.,"nurse, didn't, return, urgent, about"
191,My pharmacy says they need prior authorization for my new cholesterol meds.,This is critical - I'm sending an emergency prescription to your pharmacy to be ready within the hour.,ask_prescription,urgent,Patient asked for medication renewal or advice. Communication emphasized immediate action needed.,"pharmacy, prior, authorization, cholesterol, meds."
192,Do you accept my new insurance plan?,Insurance verification protocols require submission of credentials 48 hours prior to scheduled appointments.,general_questions,formal,Patient asked general information about services. Communication was professional and technical.,"accept, insurance, plan?"
193,There's a strange numbness in my left arm that won't go away.,I understand this must be worrying. How long exactly have you been experiencing these symptoms?,discuss_symptoms,neutral,Patient described current health symptoms. Communication was matter-of-fact.,"There's, strange, numbness, won't, away."
194,The nurse didn't return my urgent call about medication side effects.,I am so sorry this happened to you. There's no excuse for this kind of treatment.,complaint,apologetic,Patient reported dissatisfaction or issues. Communication included regret or apologies.,"nurse, didn't, return, urgent, about"
195,The physical therapy exercises caused more pain - is this normal?,These test results are not what we hoped for. We need to reconsider our approach immediately.,follow_up,negative,Patient followed up regarding previous consultation. Communication expressed concerns or dissatisfaction.,"physical, therapy, exercises, caused, normal?"
196,I'm having bad side effects from the new medication - can we switch?,"Great news! Your lab results look excellent, so I'm happy to continue your current medication.",ask_prescription,positive,Patient asked for medication renewal or advice. Communication had an optimistic tone.,"having, effects, medication, switch?"
197,The receptionist was very rude when I called to reschedule.,This level of service is completely unacceptable. I share your frustration entirely.,complaint,negative,Patient reported dissatisfaction or issues. Communication expressed concerns or dissatisfaction.,"receptionist, called, reschedule."
198,I'm experiencing shortness of breath even with minimal activity.,"Given what you've described, we need to run tests immediately. This requires urgent attention.",discuss_symptoms,urgent,Patient described current health symptoms. Communication emphasized immediate action needed.,"experiencing, shortness, breath, minimal, activity."
199,The antibiotics helped but my sinus infection isn't completely gone.,These follow-up symptoms require urgent attention. Can you come to the office today?,follow_up,urgent,Patient followed up regarding previous consultation. Communication emphasized immediate action needed.,"antibiotics, helped, sinus, infection, isn't"
200,How do I get a copy of my medical records transferred to another provider?,We accept most major insurance plans. May I have your member ID to verify?,general_questions,neutral,Patient asked general information about services. Communication was matter-of-fact.,"medical, records, transferred, another, provider?"
201,The antidepressant dosage doesn't seem effective anymore - can we adjust?,The clinical protocol indicates that medication adjustment may be warranted based on reported efficacy.,ask_prescription,formal,Patient asked for medication renewal or advice. Communication was professional and technical.,"antidepressant, dosage, doesn't, effective, anymore"
202,The antibiotics helped but my sinus infection isn't completely gone.,Glad you're following up. How have your symptoms progressed since we last spoke?,follow_up,neutral,Patient followed up regarding previous consultation. Communication was matter-of-fact.,"antibiotics, helped, sinus, infection, isn't"
203,There's sharp pain in my lower right abdomen that comes and goes.,These symptoms raise some red flags for me. I want to make sure we don't miss anything important.,discuss_symptoms,concerned,Patient described current health symptoms. Communication expressed worry or caution.,"There's, sharp, lower, right, abdomen"
204,Do you provide interpreter services for non-English speakers?,I'm worried you might have trouble with parking during construction - let me suggest some alternatives.,general_questions,concerned,Patient asked general information about services. Communication expressed worry or caution.,"provide, interpreter, services, non-English, speakers?"
205,Are there any weekend slots available for a general consultation?,"Based on what you're describing, I think we should get you in sooner rather than later. How's tomorrow?",request_appointment,concerned,Patient requested a future consultation. Communication expressed worry or caution.,"there, weekend, slots, available, general"
206,My test results were supposed to be ready yesterday but still aren't available.,I understand your concern. Let me look into this matter for you.,complaint,neutral,Patient reported dissatisfaction or issues. Communication was matter-of-fact.,"results, supposed, ready, yesterday, still"
207,The rash has spread despite using the prescribed cream - what now?,I'm sorry the treatment hasn't provided the relief we expected. Let's try a different approach.,follow_up,apologetic,Patient followed up regarding previous consultation. Communication included regret or apologies.,"spread, despite, using, prescribed, cream"
208,How do I get a copy of my medical records transferred to another provider?,"Our regular hours are 8am-6pm weekdays, with urgent care until 8pm.",general_questions,neutral,Patient asked general information about services. Communication was matter-of-fact.,"medical, records, transferred, another, provider?"
209,Can you prescribe something stronger for my chronic back pain?,I'm a bit worried about these side effects you're mentioning. Let's discuss alternatives to this medication.,ask_prescription,concerned,Patient asked for medication renewal or advice. Communication expressed worry or caution.,"prescribe, something, stronger, chronic, pain?"
210,My child needs a sports physical - do you have pediatric appointments tomorrow?,"Upon reviewing the physician's calendar, there is availability on Thursday at 2:15pm or Friday at 10:30am.",request_appointment,formal,Patient requested a future consultation. Communication was professional and technical.,"child, needs, sports, physical, pediatric"
211,My insulin prescription is running low - can you send a refill to CVS?,"Unfortunately, I cannot authorize this refill until we address these concerning lab results.",ask_prescription,negative,Patient asked for medication renewal or advice. Communication expressed concerns or dissatisfaction.,"insulin, prescription, running, refill"
212,Your online portal isn't working and I can't access my medical records.,I'm deeply troubled by what you experienced. This isn't the care standard we aim to provide.,complaint,concerned,Patient reported dissatisfaction or issues. Communication expressed worry or caution.,"online, portal, isn't, working, can't"
213,What COVID safety measures are you currently following?,"Our regular hours are 8am-6pm weekdays, with urgent care until 8pm.",general_questions,neutral,Patient asked general information about services. Communication was matter-of-fact.,"COVID, safety, measures, currently, following?"
214,The biopsy results came back - can we discuss them at my next visit?,Let's review your case. What improvements have you noticed with the treatment?,follow_up,neutral,Patient followed up regarding previous consultation. Communication was matter-of-fact.,"biopsy, results, discuss, visit?"
215,I need to schedule a physical exam before my overseas trip next month.,I can help with that. Would you prefer an early morning or late afternoon appointment?,request_appointment,neutral,Patient requested a future consultation. Communication was matter-of-fact.,"schedule, physical, before, overseas, month."
216,Do you accept my new insurance plan?,Great question! We're pleased to offer extended holiday hours for your convenience.,general_questions,positive,Patient asked general information about services. Communication had an optimistic tone.,"accept, insurance, plan?"
217,Could I get an appointment with the cardiology department?,The scheduling protocol allows for a consultation on the requested date pending insurance verification.,request_appointment,formal,Patient requested a future consultation. Communication was professional and technical.,"Could, appointment, cardiology, department?"
218,The antibiotics helped but my sinus infection isn't completely gone.,These test results raise some concerns for me. Let's take a closer look at what's happening.,follow_up,concerned,Patient followed up regarding previous consultation. Communication expressed worry or caution.,"antibiotics, helped, sinus, infection, isn't"
219,I need to schedule my annual diabetes screening and checkup.,Great news! We have several convenient openings that should work perfectly for your schedule.,request_appointment,positive,Patient requested a future consultation. Communication had an optimistic tone.,"schedule, annual, diabetes, screening, checkup."
220,My child needs a sports physical - do you have pediatric appointments tomorrow?,I'd be happy to schedule that for you! We have some excellent time slots available.,request_appointment,positive,Patient requested a future consultation. Communication had an optimistic tone.,"child, needs, sports, physical, pediatric"
221,I've been having chest palpitations that last several minutes at a time.,These symptoms are concerning and require immediate attention. I'm not satisfied with what I'm hearing.,discuss_symptoms,negative,Patient described current health symptoms. Communication expressed concerns or dissatisfaction.,"having, chest, palpitations, several, minutes"
222,What are your clinic hours on holidays?,"Our regular hours are 8am-6pm weekdays, with urgent care until 8pm.",general_questions,neutral,Patient asked general information about services. Communication was matter-of-fact.,"clinic, hours, holidays?"
223,Are there any weekend slots available for a general consultation?,I can help with that. Would you prefer an early morning or late afternoon appointment?,request_appointment,neutral,Patient requested a future consultation. Communication was matter-of-fact.,"there, weekend, slots, available, general"
224,I noticed blood in my urine this morning with some burning sensation.,I'm genuinely concerned about what you're experiencing. Let's take these symptoms very seriously.,discuss_symptoms,concerned,Patient described current health symptoms. Communication expressed worry or caution.,"noticed, blood, urine, morning, burning"
225,My child needs a sports physical - do you have pediatric appointments tomorrow?,"You know what, I remember you from your last visit! Let's find a perfect time that works for you.",request_appointment,friendly,Patient requested a future consultation. Communication was warm and personable.,"child, needs, sports, physical, pediatric"
226,The receptionist was very rude when I called to reschedule.,"I'm totally with you on this one - that experience wasn't okay, and we can do better!",complaint,friendly,Patient reported dissatisfaction or issues. Communication was warm and personable.,"receptionist, called, reschedule."
227,I'd prefer a telehealth visit if available - when's the next opening?,"Hey, no problem at all! I can totally squeeze you in this Friday - how does that sound?",request_appointment,friendly,Patient requested a future consultation. Communication was warm and personable.,"prefer, telehealth, visit, available, when's"
228,My pharmacy says they need prior authorization for my new cholesterol meds.,I'm sorry you've been experiencing these medication issues. That must be frustrating.,ask_prescription,apologetic,Patient asked for medication renewal or advice. Communication included regret or apologies.,"pharmacy, prior, authorization, cholesterol, meds."
229,The antibiotics helped but my sinus infection isn't completely gone.,I'm actually quite worried about these lingering symptoms. They shouldn't still be present.,follow_up,concerned,Patient followed up regarding previous consultation. Communication expressed worry or caution.,"antibiotics, helped, sinus, infection, isn't"
230,I'm having bad side effects from the new medication - can we switch?,"Great news! Your lab results look excellent, so I'm happy to continue your current medication.",ask_prescription,positive,Patient asked for medication renewal or advice. Communication had an optimistic tone.,"having, effects, medication, switch?"
231,I noticed blood in my urine this morning with some burning sensation.,These symptoms raise some red flags for me. I want to make sure we don't miss anything important.,discuss_symptoms,concerned,Patient described current health symptoms. Communication expressed worry or caution.,"noticed, blood, urine, morning, burning"
232,Where can I park when coming for my appointment?,"Our regular hours are 8am-6pm weekdays, with urgent care until 8pm.",general_questions,neutral,Patient asked general information about services. Communication was matter-of-fact.,"Where, coming, appointment?"
233,My insulin prescription is running low - can you send a refill to CVS?,"Let me verify - you need a refill for your medication, correct?",ask_prescription,neutral,Patient asked for medication renewal or advice. Communication was matter-of-fact.,"insulin, prescription, running, refill"
234,Which hospital are you affiliated with for emergencies?,"Unfortunately, our holiday hours are significantly reduced due to staffing limitations.",general_questions,negative,Patient asked general information about services. Communication expressed concerns or dissatisfaction.,"Which, hospital, affiliated, emergencies?"
235,My child needs a sports physical - do you have pediatric appointments tomorrow?,I can help with that. Would you prefer an early morning or late afternoon appointment?,request_appointment,neutral,Patient requested a future consultation. Communication was matter-of-fact.,"child, needs, sports, physical, pediatric"
236,I completed the treatment but still feel fatigued - what next?,I apologize that you're still experiencing these symptoms. We should have addressed this differently.,follow_up,apologetic,Patient followed up regarding previous consultation. Communication included regret or apologies.,"completed, treatment, still, fatigued, next?"
237,The rash has spread despite using the prescribed cream - what now?,I'm sorry the treatment hasn't provided the relief we expected. Let's try a different approach.,follow_up,apologetic,Patient followed up regarding previous consultation. Communication included regret or apologies.,"spread, despite, using, prescribed, cream"
238,I noticed blood in my urine this morning with some burning sensation.,"Given what you've described, we need to run tests immediately. This requires urgent attention.",discuss_symptoms,urgent,Patient described current health symptoms. Communication emphasized immediate action needed.,"noticed, blood, urine, morning, burning"
239,I've been having chest palpitations that last several minutes at a time.,"Upon initial assessment, your described symptoms suggest several potential diagnoses that warrant further investigation.",discuss_symptoms,formal,Patient described current health symptoms. Communication was professional and technical.,"having, chest, palpitations, several, minutes"
240,The billing department charged me for services I never received.,Your grievance has been documented and will be addressed according to our patient resolution protocol.,complaint,formal,Patient reported dissatisfaction or issues. Communication was professional and technical.,"billing, department, charged, services, never"
241,What's your policy on late cancellations?,I apologize that our holiday schedule is so limited. I know it can make things difficult.,general_questions,apologetic,Patient asked general information about services. Communication included regret or apologies.,"What's, policy, cancellations?"
242,Where can I park when coming for my appointment?,"Our regular hours are 8am-6pm weekdays, with urgent care until 8pm.",general_questions,neutral,Patient asked general information about services. Communication was matter-of-fact.,"Where, coming, appointment?"
243,The rash has spread despite using the prescribed cream - what now?,I'm very encouraged by your progress! The treatment is working exactly as we hoped.,follow_up,positive,Patient followed up regarding previous consultation. Communication had an optimistic tone.,"spread, despite, using, prescribed, cream"
244,Do I need a new prescription for my ongoing thyroid medication?,"Let me verify - you need a refill for your medication, correct?",ask_prescription,neutral,Patient asked for medication renewal or advice. Communication was matter-of-fact.,"prescription, ongoing, thyroid, medication?"
245,What's your policy on late cancellations?,I'm concerned about your insurance coverage. Let me check some details to make sure you're fully covered.,general_questions,concerned,Patient asked general information about services. Communication expressed worry or caution.,"What's, policy, cancellations?"
246,What COVID safety measures are you currently following?,"Our regular hours are 8am-6pm weekdays, with urgent care until 8pm.",general_questions,neutral,Patient asked general information about services. Communication was matter-of-fact.,"COVID, safety, measures, currently, following?"
247,I've been tracking my blood pressure as instructed - should I continue the meds?,I apologize that you're still experiencing these symptoms. We should have addressed this differently.,follow_up,apologetic,Patient followed up regarding previous consultation. Communication included regret or apologies.,"tracking, blood, pressure, instructed, should"
248,The antidepressant dosage doesn't seem effective anymore - can we adjust?,I'm a bit worried about these side effects you're mentioning. Let's discuss alternatives to this medication.,ask_prescription,concerned,Patient asked for medication renewal or advice. Communication expressed worry or caution.,"antidepressant, dosage, doesn't, effective, anymore"
249,I'd like to make a same-day urgent appointment if possible.,I'd be happy to schedule that for you! We have some excellent time slots available.,request_appointment,positive,Patient requested a future consultation. Communication had an optimistic tone.,"same-day, urgent, appointment, possible."
250,I noticed blood in my urine this morning with some burning sensation.,These symptoms are concerning and require immediate attention. I'm not satisfied with what I'm hearing.,discuss_symptoms,negative,Patient described current health symptoms. Communication expressed concerns or dissatisfaction.,"noticed, blood, urine, morning, burning"
251,I'd prefer a telehealth visit if available - when's the next opening?,"Based on what you're describing, I think we should get you in sooner rather than later. How's tomorrow?",request_appointment,concerned,Patient requested a future consultation. Communication expressed worry or caution.,"prefer, telehealth, visit, available, when's"
252,The biopsy results came back - can we discuss them at my next visit?,These follow-up symptoms require urgent attention. Can you come to the office today?,follow_up,urgent,Patient followed up regarding previous consultation. Communication emphasized immediate action needed.,"biopsy, results, discuss, visit?"
253,Your online portal isn't working and I can't access my medical records.,I appreciate you bringing this to our attention. We're always looking for ways to do better.,complaint,positive,Patient reported dissatisfaction or issues. Communication had an optimistic tone.,"online, portal, isn't, working, can't"
254,What COVID safety measures are you currently following?,I apologize that our holiday schedule is so limited. I know it can make things difficult.,general_questions,apologetic,Patient asked general information about services. Communication included regret or apologies.,"COVID, safety, measures, currently, following?"
255,I lost my prescription slip for the antibiotics - can you reissue?,"Let me verify - you need a refill for your medication, correct?",ask_prescription,neutral,Patient asked for medication renewal or advice. Communication was matter-of-fact.,"prescription, antibiotics, reissue?"
256,I'm having bad side effects from the new medication - can we switch?,This is critical - I'm sending an emergency prescription to your pharmacy to be ready within the hour.,ask_prescription,urgent,Patient asked for medication renewal or advice. Communication emphasized immediate action needed.,"having, effects, medication, switch?"
257,I completed the treatment but still feel fatigued - what next?,I'm not satisfied with your progress. These symptoms indicate the treatment isn't working.,follow_up,negative,Patient followed up regarding previous consultation. Communication expressed concerns or dissatisfaction.,"completed, treatment, still, fatigued, next?"
258,Do you accept my new insurance plan?,I'm happy to confirm that we accept your insurance with excellent coverage options.,general_questions,positive,Patient asked general information about services. Communication had an optimistic tone.,"accept, insurance, plan?"
259,There's a strange numbness in my left arm that won't go away.,"Upon initial assessment, your described symptoms suggest several potential diagnoses that warrant further investigation.",discuss_symptoms,formal,Patient described current health symptoms. Communication was professional and technical.,"There's, strange, numbness, won't, away."
260,Where can I park when coming for my appointment?,Insurance verification protocols require submission of credentials 48 hours prior to scheduled appointments.,general_questions,formal,Patient asked general information about services. Communication was professional and technical.,"Where, coming, appointment?"
261,I'd like to make a same-day urgent appointment if possible.,I regret to inform you that Dr. Smith's schedule is completely full for the next month.,request_appointment,negative,Patient requested a future consultation. Communication expressed concerns or dissatisfaction.,"same-day, urgent, appointment, possible."
262,The antidepressant dosage doesn't seem effective anymore - can we adjust?,"These symptoms concern me - before renewing, I'd like to check if this medication is still right for you.",ask_prescription,concerned,Patient asked for medication renewal or advice. Communication expressed worry or caution.,"antidepressant, dosage, doesn't, effective, anymore"
263,I've been tracking my blood pressure as instructed - should I continue the meds?,Glad you're following up. How have your symptoms progressed since we last spoke?,follow_up,neutral,Patient followed up regarding previous consultation. Communication was matter-of-fact.,"tracking, blood, pressure, instructed, should"
264,Could I get an appointment with the cardiology department?,I apologize for the scheduling difficulties. We're working to improve our availability.,request_appointment,apologetic,Patient requested a future consultation. Communication included regret or apologies.,"Could, appointment, cardiology, department?"
265,Do I need a new prescription for my ongoing thyroid medication?,"Great news! Your lab results look excellent, so I'm happy to continue your current medication.",ask_prescription,positive,Patient asked for medication renewal or advice. Communication had an optimistic tone.,"prescription, ongoing, thyroid, medication?"
266,The doctor didn't explain my diagnosis clearly - I have many unanswered questions.,The administrative team will conduct a thorough investigation into the reported procedural deviation.,complaint,formal,Patient reported dissatisfaction or issues. Communication was professional and technical.,"doctor, didn't, explain, diagnosis, clearly"
267,Can I book a follow-up with Dr. Smith for my post-op check?,Let me check our availability. Are you looking for something this week or next?,request_appointment,neutral,Patient requested a future consultation. Communication was matter-of-fact.,"follow-up, Smith, post-op, check?"
268,The physical therapy exercises caused more pain - is this normal?,These test results are not what we hoped for. We need to reconsider our approach immediately.,follow_up,negative,Patient followed up regarding previous consultation. Communication expressed concerns or dissatisfaction.,"physical, therapy, exercises, caused, normal?"
269,Do you accept my new insurance plan?,Insurance verification protocols require submission of credentials 48 hours prior to scheduled appointments.,general_questions,formal,Patient asked general information about services. Communication was professional and technical.,"accept, insurance, plan?"
270,The doctor didn't explain my diagnosis clearly - I have many unanswered questions.,"I'm totally with you on this one - that experience wasn't okay, and we can do better!",complaint,friendly,Patient reported dissatisfaction or issues. Communication was warm and personable.,"doctor, didn't, explain, diagnosis, clearly"
271,I've been having chest palpitations that last several minutes at a time.,That sounds notable. Have you noticed any triggers or patterns to when this occurs?,discuss_symptoms,neutral,Patient described current health symptoms. Communication was matter-of-fact.,"having, chest, palpitations, several, minutes"
272,The doctor didn't explain my diagnosis clearly - I have many unanswered questions.,I am so sorry this happened to you. There's no excuse for this kind of treatment.,complaint,apologetic,Patient reported dissatisfaction or issues. Communication included regret or apologies.,"doctor, didn't, explain, diagnosis, clearly"
273,I have severe diarrhea and vomiting since last night - can't keep anything down.,These symptoms need immediate investigation. I'm going to expedite some tests right away.,discuss_symptoms,urgent,Patient described current health symptoms. Communication emphasized immediate action needed.,"severe, diarrhea, vomiting, since, night"
274,What's your policy on late cancellations?,"For urgent needs, please note our special holiday triage line is always available.",general_questions,urgent,Patient asked general information about services. Communication emphasized immediate action needed.,"What's, policy, cancellations?"
275,The doctor didn't explain my diagnosis clearly - I have many unanswered questions.,I'm deeply troubled by what you experienced. This isn't the care standard we aim to provide.,complaint,concerned,Patient reported dissatisfaction or issues. Communication expressed worry or caution.,"doctor, didn't, explain, diagnosis, clearly"
276,Do I need a new prescription for my ongoing thyroid medication?,No problem at all with that refill! I'll take care of it right away so you don't have to worry.,ask_prescription,friendly,Patient asked for medication renewal or advice. Communication was warm and personable.,"prescription, ongoing, thyroid, medication?"
277,Are there any weekend slots available for a general consultation?,I'm putting you down for our emergency slot at 3pm today. Please arrive 15 minutes early.,request_appointment,urgent,Patient requested a future consultation. Communication emphasized immediate action needed.,"there, weekend, slots, available, general"
278,What are your clinic hours on holidays?,"Our regular hours are 8am-6pm weekdays, with urgent care until 8pm.",general_questions,neutral,Patient asked general information about services. Communication was matter-of-fact.,"clinic, hours, holidays?"
279,My child needs a sports physical - do you have pediatric appointments tomorrow?,The scheduling protocol allows for a consultation on the requested date pending insurance verification.,request_appointment,formal,Patient requested a future consultation. Communication was professional and technical.,"child, needs, sports, physical, pediatric"
280,My insulin prescription is running low - can you send a refill to CVS?,The clinical protocol indicates that medication adjustment may be warranted based on reported efficacy.,ask_prescription,formal,Patient asked for medication renewal or advice. Communication was professional and technical.,"insulin, prescription, running, refill"
281,Do you accept my new insurance plan?,"You know what, parking is actually free on weekends - a little bonus for our Saturday patients!",general_questions,friendly,Patient asked general information about services. Communication was warm and personable.,"accept, insurance, plan?"
282,The billing department charged me for services I never received.,This is a serious failure on our part. I'm deeply troubled by what you've experienced.,complaint,negative,Patient reported dissatisfaction or issues. Communication expressed concerns or dissatisfaction.,"billing, department, charged, services, never"
283,There's a strange numbness in my left arm that won't go away.,"Given what you've described, we need to run tests immediately. This requires urgent attention.",discuss_symptoms,urgent,Patient described current health symptoms. Communication emphasized immediate action needed.,"There's, strange, numbness, won't, away."
284,The prescription you sent was out of stock at my pharmacy with no alternatives.,The administrative team will conduct a thorough investigation into the reported procedural deviation.,complaint,formal,Patient reported dissatisfaction or issues. Communication was professional and technical.,"prescription, stock, pharmacy, alternatives."
285,Could I get an appointment with the cardiology department?,"You know what, I remember you from your last visit! Let's find a perfect time that works for you.",request_appointment,friendly,Patient requested a future consultation. Communication was warm and personable.,"Could, appointment, cardiology, department?"
286,Do you accept my new insurance plan?,I'm worried you might have trouble with parking during construction - let me suggest some alternatives.,general_questions,concerned,Patient asked general information about services. Communication expressed worry or caution.,"accept, insurance, plan?"
287,What COVID safety measures are you currently following?,The facility operational hours during designated holidays are restricted to 10am-2pm for essential services only.,general_questions,formal,Patient asked general information about services. Communication was professional and technical.,"COVID, safety, measures, currently, following?"
288,I'm experiencing shortness of breath even with minimal activity.,Thank you for providing such clear details about your symptoms. This gives us a promising starting point for treatment.,discuss_symptoms,positive,Patient described current health symptoms. Communication had an optimistic tone.,"experiencing, shortness, breath, minimal, activity."
289,I'd like to make a same-day urgent appointment if possible.,Let me check our availability. Are you looking for something this week or next?,request_appointment,neutral,Patient requested a future consultation. Communication was matter-of-fact.,"same-day, urgent, appointment, possible."
290,The billing department charged me for services I never received.,Thank you for bringing this to our attention. This isn't our usual standard.,complaint,neutral,Patient reported dissatisfaction or issues. Communication was matter-of-fact.,"billing, department, charged, services, never"
291,Where can I park when coming for my appointment?,I'm worried you might have trouble with parking during construction - let me suggest some alternatives.,general_questions,concerned,Patient asked general information about services. Communication expressed worry or caution.,"Where, coming, appointment?"
292,My child needs a sports physical - do you have pediatric appointments tomorrow?,I'd be happy to schedule that for you! We have some excellent time slots available.,request_appointment,positive,Patient requested a future consultation. Communication had an optimistic tone.,"child, needs, sports, physical, pediatric"
293,I'd prefer a telehealth visit if available - when's the next opening?,The scheduling protocol allows for a consultation on the requested date pending insurance verification.,request_appointment,formal,Patient requested a future consultation. Communication was professional and technical.,"prefer, telehealth, visit, available, when's"
294,The nurse didn't return my urgent call about medication side effects.,Thank you for bringing this to our attention. This isn't our usual standard.,complaint,neutral,Patient reported dissatisfaction or issues. Communication was matter-of-fact.,"nurse, didn't, return, urgent, about"
295,I've been tracking my blood pressure as instructed - should I continue the meds?,These are excellent results. You're responding to treatment better than expected.,follow_up,positive,Patient followed up regarding previous consultation. Communication had an optimistic tone.,"tracking, blood, pressure, instructed, should"
296,The antidepressant dosage doesn't seem effective anymore - can we adjust?,"Hey, thanks for the heads-up about running low! I'll get that sent over to your pharmacy today.",ask_prescription,friendly,Patient asked for medication renewal or advice. Communication was warm and personable.,"antidepressant, dosage, doesn't, effective, anymore"
297,Which hospital are you affiliated with for emergencies?,We accept most major insurance plans. May I have your member ID to verify?,general_questions,neutral,Patient asked general information about services. Communication was matter-of-fact.,"Which, hospital, affiliated, emergencies?"
298,I need to schedule my annual diabetes screening and checkup.,Let me check our availability. Are you looking for something this week or next?,request_appointment,neutral,Patient requested a future consultation. Communication was matter-of-fact.,"schedule, annual, diabetes, screening, checkup."
299,What are your clinic hours on holidays?,"Our regular hours are 8am-6pm weekdays, with urgent care until 8pm.",general_questions,neutral,Patient asked general information about services. Communication was matter-of-fact.,"clinic, hours, holidays?"
300,Which hospital are you affiliated with for emergencies?,I regret to inform you that we no longer accept that insurance plan as of last month.,general_questions,negative,Patient asked general information about services. Communication expressed concerns or dissatisfaction.,"Which, hospital, affiliated, emergencies?"
301,I lost my prescription slip for the antibiotics - can you reissue?,"Hey, thanks for the heads-up about running low! I'll get that sent over to your pharmacy today.",ask_prescription,friendly,Patient asked for medication renewal or advice. Communication was warm and personable.,"prescription, antibiotics, reissue?"
302,I noticed blood in my urine this morning with some burning sensation.,These symptoms are concerning and require immediate attention. I'm not satisfied with what I'm hearing.,discuss_symptoms,negative,Patient described current health symptoms. Communication expressed concerns or dissatisfaction.,"noticed, blood, urine, morning, burning"
303,What's your policy on late cancellations?,I regret to inform you that we no longer accept that insurance plan as of last month.,general_questions,negative,Patient asked general information about services. Communication expressed concerns or dissatisfaction.,"What's, policy, cancellations?"
304,I have severe diarrhea and vomiting since last night - can't keep anything down.,Thank you for providing such clear details about your symptoms. This gives us a promising starting point for treatment.,discuss_symptoms,positive,Patient described current health symptoms. Communication had an optimistic tone.,"severe, diarrhea, vomiting, since, night"
305,There's a strange numbness in my left arm that won't go away.,I understand this must be worrying. How long exactly have you been experiencing these symptoms?,discuss_symptoms,neutral,Patient described current health symptoms. Communication was matter-of-fact.,"There's, strange, numbness, won't, away."
306,How do I get a copy of my medical records transferred to another provider?,"Our regular hours are 8am-6pm weekdays, with urgent care until 8pm.",general_questions,neutral,Patient asked general information about services. Communication was matter-of-fact.,"medical, records, transferred, another, provider?"
307,I completed the treatment but still feel fatigued - what next?,These are excellent results. You're responding to treatment better than expected.,follow_up,positive,Patient followed up regarding previous consultation. Communication had an optimistic tone.,"completed, treatment, still, fatigued, next?"
308,The doctor didn't explain my diagnosis clearly - I have many unanswered questions.,Your experience worries me greatly. No patient should face these kinds of issues.,complaint,concerned,Patient reported dissatisfaction or issues. Communication expressed worry or caution.,"doctor, didn't, explain, diagnosis, clearly"
309,The antidepressant dosage doesn't seem effective anymore - can we adjust?,The clinical protocol indicates that medication adjustment may be warranted based on reported efficacy.,ask_prescription,formal,Patient asked for medication renewal or advice. Communication was professional and technical.,"antidepressant, dosage, doesn't, effective, anymore"
310,The nurse didn't return my urgent call about medication side effects.,Your experience worries me greatly. No patient should face these kinds of issues.,complaint,concerned,Patient reported dissatisfaction or issues. Communication expressed worry or caution.,"nurse, didn't, return, urgent, about"
311,I've been having chest palpitations that last several minutes at a time.,These symptoms are concerning and require immediate attention. I'm not satisfied with what I'm hearing.,discuss_symptoms,negative,Patient described current health symptoms. Communication expressed concerns or dissatisfaction.,"having, chest, palpitations, several, minutes"
312,There's sharp pain in my lower right abdomen that comes and goes.,These symptoms raise some red flags for me. I want to make sure we don't miss anything important.,discuss_symptoms,concerned,Patient described current health symptoms. Communication expressed worry or caution.,"There's, sharp, lower, right, abdomen"
313,I'd prefer a telehealth visit if available - when's the next opening?,I'd be happy to schedule that for you! We have some excellent time slots available.,request_appointment,positive,Patient requested a future consultation. Communication had an optimistic tone.,"prefer, telehealth, visit, available, when's"
314,My pharmacy says they need prior authorization for my new cholesterol meds.,I can certainly renew that. Has your current dosage been effective for you?,ask_prescription,neutral,Patient asked for medication renewal or advice. Communication was matter-of-fact.,"pharmacy, prior, authorization, cholesterol, meds."
315,The nurse didn't return my urgent call about medication side effects.,"Given the severity of this issue, I'm taking immediate steps to address it today.",complaint,urgent,Patient reported dissatisfaction or issues. Communication emphasized immediate action needed.,"nurse, didn't, return, urgent, about"
316,The doctor didn't explain my diagnosis clearly - I have many unanswered questions.,I sincerely apologize for this experience - it's completely our fault and we will make it right.,complaint,apologetic,Patient reported dissatisfaction or issues. Communication included regret or apologies.,"doctor, didn't, explain, diagnosis, clearly"
317,There's a strange numbness in my left arm that won't go away.,I'm genuinely concerned about what you're experiencing. Let's take these symptoms very seriously.,discuss_symptoms,concerned,Patient described current health symptoms. Communication expressed worry or caution.,"There's, strange, numbness, won't, away."
318,What are your clinic hours on holidays?,The facility operational hours during designated holidays are restricted to 10am-2pm for essential services only.,general_questions,formal,Patient asked general information about services. Communication was professional and technical.,"clinic, hours, holidays?"
319,What COVID safety measures are you currently following?,"Our regular hours are 8am-6pm weekdays, with urgent care until 8pm.",general_questions,neutral,Patient asked general information about services. Communication was matter-of-fact.,"COVID, safety, measures, currently, following?"
320,I have severe diarrhea and vomiting since last night - can't keep anything down.,That sounds notable. Have you noticed any triggers or patterns to when this occurs?,discuss_symptoms,neutral,Patient described current health symptoms. Communication was matter-of-fact.,"severe, diarrhea, vomiting, since, night"
321,There's sharp pain in my lower right abdomen that comes and goes.,These symptoms need immediate investigation. I'm going to expedite some tests right away.,discuss_symptoms,urgent,Patient described current health symptoms. Communication emphasized immediate action needed.,"There's, sharp, lower, right, abdomen"
322,It's been 2 weeks since my surgery - when should I come for a wound check?,"You know, I've been thinking about your case - sounds like you're really making progress!",follow_up,friendly,Patient followed up regarding previous consultation. Communication was warm and personable.,"weeks, since, surgery, should, wound"
323,Do I need a new prescription for my ongoing thyroid medication?,"Great news! Your lab results look excellent, so I'm happy to continue your current medication.",ask_prescription,positive,Patient asked for medication renewal or advice. Communication had an optimistic tone.,"prescription, ongoing, thyroid, medication?"
324,I have severe diarrhea and vomiting since last night - can't keep anything down.,I apologize that you've been suffering. The healthcare system can sometimes miss these early signs.,discuss_symptoms,apologetic,Patient described current health symptoms. Communication included regret or apologies.,"severe, diarrhea, vomiting, since, night"
325,I'd prefer a telehealth visit if available - when's the next opening?,Great news! We have several convenient openings that should work perfectly for your schedule.,request_appointment,positive,Patient requested a future consultation. Communication had an optimistic tone.,"prefer, telehealth, visit, available, when's"
326,The rash has spread despite using the prescribed cream - what now?,These are excellent results. You're responding to treatment better than expected.,follow_up,positive,Patient followed up regarding previous consultation. Communication had an optimistic tone.,"spread, despite, using, prescribed, cream"
327,Do I need a new prescription for my ongoing thyroid medication?,I can certainly renew that. Has your current dosage been effective for you?,ask_prescription,neutral,Patient asked for medication renewal or advice. Communication was matter-of-fact.,"prescription, ongoing, thyroid, medication?"
328,"My joints are swollen and painful, especially in the mornings.",These symptoms need immediate investigation. I'm going to expedite some tests right away.,discuss_symptoms,urgent,Patient described current health symptoms. Communication emphasized immediate action needed.,"joints, swollen, painful,, especially, mornings."
329,The antidepressant dosage doesn't seem effective anymore - can we adjust?,"Unfortunately, I cannot authorize this refill until we address these concerning lab results.",ask_prescription,negative,Patient asked for medication renewal or advice. Communication expressed concerns or dissatisfaction.,"antidepressant, dosage, doesn't, effective, anymore"
330,What COVID safety measures are you currently following?,Insurance verification protocols require submission of credentials 48 hours prior to scheduled appointments.,general_questions,formal,Patient asked general information about services. Communication was professional and technical.,"COVID, safety, measures, currently, following?"
331,My child needs a sports physical - do you have pediatric appointments tomorrow?,I apologize for the scheduling difficulties. We're working to improve our availability.,request_appointment,apologetic,Patient requested a future consultation. Communication included regret or apologies.,"child, needs, sports, physical, pediatric"
332,Do I need a new prescription for my ongoing thyroid medication?,I'm pleased to renew this prescription for you. The treatment seems to be working very well.,ask_prescription,positive,Patient asked for medication renewal or advice. Communication had an optimistic tone.,"prescription, ongoing, thyroid, medication?"
333,The prescription you sent was out of stock at my pharmacy with no alternatives.,Your experience worries me greatly. No patient should face these kinds of issues.,complaint,concerned,Patient reported dissatisfaction or issues. Communication expressed worry or caution.,"prescription, stock, pharmacy, alternatives."
334,What are your clinic hours on holidays?,I'm sorry about the confusion regarding our policies. We need to communicate these better.,general_questions,apologetic,Patient asked general information about services. Communication included regret or apologies.,"clinic, hours, holidays?"
335,What COVID safety measures are you currently following?,This information is critical - our emergency services remain open 24/7 including all holidays.,general_questions,urgent,Patient asked general information about services. Communication emphasized immediate action needed.,"COVID, safety, measures, currently, following?"
336,I need to schedule my annual diabetes screening and checkup.,I'm so sorry about the wait times lately. Let me do my best to find something that works for you.,request_appointment,apologetic,Patient requested a future consultation. Communication included regret or apologies.,"schedule, annual, diabetes, screening, checkup."
337,What are your clinic hours on holidays?,Great question! We're pleased to offer extended holiday hours for your convenience.,general_questions,positive,Patient asked general information about services. Communication had an optimistic tone.,"clinic, hours, holidays?"
338,My test results were supposed to be ready yesterday but still aren't available.,This requires immediate attention. I'm escalating this to our director right now.,complaint,urgent,Patient reported dissatisfaction or issues. Communication emphasized immediate action needed.,"results, supposed, ready, yesterday, still"
339,Are there any weekend slots available for a general consultation?,"Unfortunately, we're extremely booked for the next three weeks due to staff shortages.",request_appointment,negative,Patient requested a future consultation. Communication expressed concerns or dissatisfaction.,"there, weekend, slots, available, general"
340,Your online portal isn't working and I can't access my medical records.,I appreciate you bringing this to our attention. We're always looking for ways to do better.,complaint,positive,Patient reported dissatisfaction or issues. Communication had an optimistic tone.,"online, portal, isn't, working, can't"
341,The receptionist was very rude when I called to reschedule.,"I'm totally with you on this one - that experience wasn't okay, and we can do better!",complaint,friendly,Patient reported dissatisfaction or issues. Communication was warm and personable.,"receptionist, called, reschedule."
342,Your online portal isn't working and I can't access my medical records.,Thank you for bringing this to our attention. This isn't our usual standard.,complaint,neutral,Patient reported dissatisfaction or issues. Communication was matter-of-fact.,"online, portal, isn't, working, can't"
343,The physical therapy exercises caused more pain - is this normal?,Glad you're following up. How have your symptoms progressed since we last spoke?,follow_up,neutral,Patient followed up regarding previous consultation. Communication was matter-of-fact.,"physical, therapy, exercises, caused, normal?"
344,"My joints are swollen and painful, especially in the mornings.",I'm genuinely concerned about what you're experiencing. Let's take these symptoms very seriously.,discuss_symptoms,concerned,Patient described current health symptoms. Communication expressed worry or caution.,"joints, swollen, painful,, especially, mornings."
345,The billing department charged me for services I never received.,Thank you for bringing this to our attention. This isn't our usual standard.,complaint,neutral,Patient reported dissatisfaction or issues. Communication was matter-of-fact.,"billing, department, charged, services, never"
346,I've had a persistent headache for three days now with blurred vision.,These symptoms need immediate investigation. I'm going to expedite some tests right away.,discuss_symptoms,urgent,Patient described current health symptoms. Communication emphasized immediate action needed.,"persistent, headache, three, blurred, vision."
347,How do I get a copy of my medical records transferred to another provider?,I'm concerned about your insurance coverage. Let me check some details to make sure you're fully covered.,general_questions,concerned,Patient asked general information about services. Communication expressed worry or caution.,"medical, records, transferred, another, provider?"
348,My insulin prescription is running low - can you send a refill to CVS?,I'm concerned about renewing this medication without seeing you first. These side effects are troubling.,ask_prescription,negative,Patient asked for medication renewal or advice. Communication expressed concerns or dissatisfaction.,"insulin, prescription, running, refill"
349,My pharmacy says they need prior authorization for my new cholesterol meds.,I apologize for the confusion with your prescription. Let me fix this right away.,ask_prescription,apologetic,Patient asked for medication renewal or advice. Communication included regret or apologies.,"pharmacy, prior, authorization, cholesterol, meds."
350,What COVID safety measures are you currently following?,"You know what, parking is actually free on weekends - a little bonus for our Saturday patients!",general_questions,friendly,Patient asked general information about services. Communication was warm and personable.,"COVID, safety, measures, currently, following?"
351,I need to schedule a physical exam before my overseas trip next month.,Let me check our availability. Are you looking for something this week or next?,request_appointment,neutral,Patient requested a future consultation. Communication was matter-of-fact.,"schedule, physical, before, overseas, month."
352,"My joints are swollen and painful, especially in the mornings.",I'm genuinely concerned about what you're experiencing. Let's take these symptoms very seriously.,discuss_symptoms,concerned,Patient described current health symptoms. Communication expressed worry or caution.,"joints, swollen, painful,, especially, mornings."
353,Do you provide interpreter services for non-English speakers?,We accept most major insurance plans. May I have your member ID to verify?,general_questions,neutral,Patient asked general information about services. Communication was matter-of-fact.,"provide, interpreter, services, non-English, speakers?"
354,It's been 2 weeks since my surgery - when should I come for a wound check?,These test results raise some concerns for me. Let's take a closer look at what's happening.,follow_up,concerned,Patient followed up regarding previous consultation. Communication expressed worry or caution.,"weeks, since, surgery, should, wound"
355,Can I book a follow-up with Dr. Smith for my post-op check?,I can help with that. Would you prefer an early morning or late afternoon appointment?,request_appointment,neutral,Patient requested a future consultation. Communication was matter-of-fact.,"follow-up, Smith, post-op, check?"
356,There's sharp pain in my lower right abdomen that comes and goes.,That sounds notable. Have you noticed any triggers or patterns to when this occurs?,discuss_symptoms,neutral,Patient described current health symptoms. Communication was matter-of-fact.,"There's, sharp, lower, right, abdomen"
357,My insulin prescription is running low - can you send a refill to CVS?,"Hey, thanks for the heads-up about running low! I'll get that sent over to your pharmacy today.",ask_prescription,friendly,Patient asked for medication renewal or advice. Communication was warm and personable.,"insulin, prescription, running, refill"
358,I have severe diarrhea and vomiting since last night - can't keep anything down.,"I hear you're really going through a tough time with these symptoms. Let's figure this out together, okay?",discuss_symptoms,friendly,Patient described current health symptoms. Communication was warm and personable.,"severe, diarrhea, vomiting, since, night"
359,It's been 2 weeks since my surgery - when should I come for a wound check?,Hey there! So good to hear from you! How are you feeling after our last appointment?,follow_up,friendly,Patient followed up regarding previous consultation. Communication was warm and personable.,"weeks, since, surgery, should, wound"
360,The prescription you sent was out of stock at my pharmacy with no alternatives.,Your grievance has been documented and will be addressed according to our patient resolution protocol.,complaint,formal,Patient reported dissatisfaction or issues. Communication was professional and technical.,"prescription, stock, pharmacy, alternatives."
361,My test results were supposed to be ready yesterday but still aren't available.,The administrative team will conduct a thorough investigation into the reported procedural deviation.,complaint,formal,Patient reported dissatisfaction or issues. Communication was professional and technical.,"results, supposed, ready, yesterday, still"
362,The prescription you sent was out of stock at my pharmacy with no alternatives.,I sincerely apologize for this experience - it's completely our fault and we will make it right.,complaint,apologetic,Patient reported dissatisfaction or issues. Communication included regret or apologies.,"prescription, stock, pharmacy, alternatives."
363,My pharmacy says they need prior authorization for my new cholesterol meds.,"Unfortunately, I cannot authorize this refill until we address these concerning lab results.",ask_prescription,negative,Patient asked for medication renewal or advice. Communication expressed concerns or dissatisfaction.,"pharmacy, prior, authorization, cholesterol, meds."
364,I've been having chest palpitations that last several minutes at a time.,I'm sorry you've been dealing with this discomfort. We should have caught this during your last visit.,discuss_symptoms,apologetic,Patient described current health symptoms. Communication included regret or apologies.,"having, chest, palpitations, several, minutes"
365,My child needs a sports physical - do you have pediatric appointments tomorrow?,"Unfortunately, we're extremely booked for the next three weeks due to staff shortages.",request_appointment,negative,Patient requested a future consultation. Communication expressed concerns or dissatisfaction.,"child, needs, sports, physical, pediatric"
366,I need to schedule a physical exam before my overseas trip next month.,Let me check our availability. Are you looking for something this week or next?,request_appointment,neutral,Patient requested a future consultation. Communication was matter-of-fact.,"schedule, physical, before, overseas, month."
367,What COVID safety measures are you currently following?,We accept most major insurance plans. May I have your member ID to verify?,general_questions,neutral,Patient asked general information about services. Communication was matter-of-fact.,"COVID, safety, measures, currently, following?"
368,Are there any weekend slots available for a general consultation?,Great news! We have several convenient openings that should work perfectly for your schedule.,request_appointment,positive,Patient requested a future consultation. Communication had an optimistic tone.,"there, weekend, slots, available, general"
369,My insulin prescription is running low - can you send a refill to CVS?,The clinical protocol indicates that medication adjustment may be warranted based on reported efficacy.,ask_prescription,formal,Patient asked for medication renewal or advice. Communication was professional and technical.,"insulin, prescription, running, refill"
370,There's sharp pain in my lower right abdomen that comes and goes.,These symptoms raise some red flags for me. I want to make sure we don't miss anything important.,discuss_symptoms,concerned,Patient described current health symptoms. Communication expressed worry or caution.,"There's, sharp, lower, right, abdomen"
371,I need to schedule a physical exam before my overseas trip next month.,"Given your situation, I'll rearrange the schedule to fit you in today. This can't wait.",request_appointment,urgent,Patient requested a future consultation. Communication emphasized immediate action needed.,"schedule, physical, before, overseas, month."
372,It's been 2 weeks since my surgery - when should I come for a wound check?,"Upon review of your follow-up data, clinical parameters suggest modification of the treatment protocol.",follow_up,formal,Patient followed up regarding previous consultation. Communication was professional and technical.,"weeks, since, surgery, should, wound"
373,I've had a persistent headache for three days now with blurred vision.,These symptoms raise some red flags for me. I want to make sure we don't miss anything important.,discuss_symptoms,concerned,Patient described current health symptoms. Communication expressed worry or caution.,"persistent, headache, three, blurred, vision."
374,There's sharp pain in my lower right abdomen that comes and goes.,"I hear you're really going through a tough time with these symptoms. Let's figure this out together, okay?",discuss_symptoms,friendly,Patient described current health symptoms. Communication was warm and personable.,"There's, sharp, lower, right, abdomen"
375,There's a strange numbness in my left arm that won't go away.,"Upon initial assessment, your described symptoms suggest several potential diagnoses that warrant further investigation.",discuss_symptoms,formal,Patient described current health symptoms. Communication was professional and technical.,"There's, strange, numbness, won't, away."
376,Which hospital are you affiliated with for emergencies?,We accept most major insurance plans. May I have your member ID to verify?,general_questions,neutral,Patient asked general information about services. Communication was matter-of-fact.,"Which, hospital, affiliated, emergencies?"
377,Can I book a follow-up with Dr. Smith for my post-op check?,I can help with that. Would you prefer an early morning or late afternoon appointment?,request_appointment,neutral,Patient requested a future consultation. Communication was matter-of-fact.,"follow-up, Smith, post-op, check?"
378,The physical therapy exercises caused more pain - is this normal?,I'm very encouraged by your progress! The treatment is working exactly as we hoped.,follow_up,positive,Patient followed up regarding previous consultation. Communication had an optimistic tone.,"physical, therapy, exercises, caused, normal?"
379,I lost my prescription slip for the antibiotics - can you reissue?,I'm sorry you've been experiencing these medication issues. That must be frustrating.,ask_prescription,apologetic,Patient asked for medication renewal or advice. Communication included regret or apologies.,"prescription, antibiotics, reissue?"
380,My blood sugar levels have stabilized - do I still need the same dosage?,"You know, I've been thinking about your case - sounds like you're really making progress!",follow_up,friendly,Patient followed up regarding previous consultation. Communication was warm and personable.,"blood, sugar, levels, stabilized, still"
381,There's sharp pain in my lower right abdomen that comes and goes.,"I understand your concern and I'm glad you came in. Based on what you're describing, we have several good treatment options.",discuss_symptoms,positive,Patient described current health symptoms. Communication had an optimistic tone.,"There's, sharp, lower, right, abdomen"
382,I noticed blood in my urine this morning with some burning sensation.,"I understand your concern and I'm glad you came in. Based on what you're describing, we have several good treatment options.",discuss_symptoms,positive,Patient described current health symptoms. Communication had an optimistic tone.,"noticed, blood, urine, morning, burning"
383,"My joints are swollen and painful, especially in the mornings.",I apologize that you've been suffering. The healthcare system can sometimes miss these early signs.,discuss_symptoms,apologetic,Patient described current health symptoms. Communication included regret or apologies.,"joints, swollen, painful,, especially, mornings."
384,I completed the treatment but still feel fatigued - what next?,These test results raise some concerns for me. Let's take a closer look at what's happening.,follow_up,concerned,Patient followed up regarding previous consultation. Communication expressed worry or caution.,"completed, treatment, still, fatigued, next?"
385,Which hospital are you affiliated with for emergencies?,"Our regular hours are 8am-6pm weekdays, with urgent care until 8pm.",general_questions,neutral,Patient asked general information about services. Communication was matter-of-fact.,"Which, hospital, affiliated, emergencies?"
386,The nurse didn't return my urgent call about medication side effects.,This is a serious failure on our part. I'm deeply troubled by what you've experienced.,complaint,negative,Patient reported dissatisfaction or issues. Communication expressed concerns or dissatisfaction.,"nurse, didn't, return, urgent, about"
387,I've been tracking my blood pressure as instructed - should I continue the meds?,"You know, I've been thinking about your case - sounds like you're really making progress!",follow_up,friendly,Patient followed up regarding previous consultation. Communication was warm and personable.,"tracking, blood, pressure, instructed, should"
388,My blood sugar levels have stabilized - do I still need the same dosage?,I'm very encouraged by your progress! The treatment is working exactly as we hoped.,follow_up,positive,Patient followed up regarding previous consultation. Communication had an optimistic tone.,"blood, sugar, levels, stabilized, still"
389,There's a strange numbness in my left arm that won't go away.,I understand this must be worrying. How long exactly have you been experiencing these symptoms?,discuss_symptoms,neutral,Patient described current health symptoms. Communication was matter-of-fact.,"There's, strange, numbness, won't, away."
390,The nurse didn't return my urgent call about medication side effects.,I am so sorry this happened to you. There's no excuse for this kind of treatment.,complaint,apologetic,Patient reported dissatisfaction or issues. Communication included regret or apologies.,"nurse, didn't, return, urgent, about"
391,The rash has spread despite using the prescribed cream - what now?,I'm very encouraged by your progress! The treatment is working exactly as we hoped.,follow_up,positive,Patient followed up regarding previous consultation. Communication had an optimistic tone.,"spread, despite, using, prescribed, cream"
392,I've been having chest palpitations that last several minutes at a time.,These symptoms raise some red flags for me. I want to make sure we don't miss anything important.,discuss_symptoms,concerned,Patient described current health symptoms. Communication expressed worry or caution.,"having, chest, palpitations, several, minutes"
393,My pharmacy says they need prior authorization for my new cholesterol meds.,This is critical - I'm sending an emergency prescription to your pharmacy to be ready within the hour.,ask_prescription,urgent,Patient asked for medication renewal or advice. Communication emphasized immediate action needed.,"pharmacy, prior, authorization, cholesterol, meds."
394,I have severe diarrhea and vomiting since last night - can't keep anything down.,"Given what you've described, we need to run tests immediately. This requires urgent attention.",discuss_symptoms,urgent,Patient described current health symptoms. Communication emphasized immediate action needed.,"severe, diarrhea, vomiting, since, night"
395,I've been waiting 45 minutes past my scheduled appointment time.,This level of service is completely unacceptable. I share your frustration entirely.,complaint,negative,Patient reported dissatisfaction or issues. Communication expressed concerns or dissatisfaction.,"waiting, minutes, scheduled, appointment, time."
396,I completed the treatment but still feel fatigued - what next?,These test results raise some concerns for me. Let's take a closer look at what's happening.,follow_up,concerned,Patient followed up regarding previous consultation. Communication expressed worry or caution.,"completed, treatment, still, fatigued, next?"
397,The biopsy results came back - can we discuss them at my next visit?,These test results are not what we hoped for. We need to reconsider our approach immediately.,follow_up,negative,Patient followed up regarding previous consultation. Communication expressed concerns or dissatisfaction.,"biopsy, results, discuss, visit?"
398,My blood sugar levels have stabilized - do I still need the same dosage?,Glad you're following up. How have your symptoms progressed since we last spoke?,follow_up,neutral,Patient followed up regarding previous consultation. Communication was matter-of-fact.,"blood, sugar, levels, stabilized, still"
399,"My joints are swollen and painful, especially in the mornings.",These symptoms need immediate investigation. I'm going to expedite some tests right away.,discuss_symptoms,urgent,Patient described current health symptoms. Communication emphasized immediate action needed.,"joints, swollen, painful,, especially, mornings."
400,Where can I park when coming for my appointment?,I'm happy to confirm that we accept your insurance with excellent coverage options.,general_questions,positive,Patient asked general information about services. Communication had an optimistic tone.,"Where, coming, appointment?"
401,Can I book a follow-up with Dr. Smith for my post-op check?,The scheduling protocol allows for a consultation on the requested date pending insurance verification.,request_appointment,formal,Patient requested a future consultation. Communication was professional and technical.,"follow-up, Smith, post-op, check?"
402,My child needs a sports physical - do you have pediatric appointments tomorrow?,I regret to inform you that Dr. Smith's schedule is completely full for the next month.,request_appointment,negative,Patient requested a future consultation. Communication expressed concerns or dissatisfaction.,"child, needs, sports, physical, pediatric"
403,Do I need a new prescription for my ongoing thyroid medication?,I'm pleased to renew this prescription for you. The treatment seems to be working very well.,ask_prescription,positive,Patient asked for medication renewal or advice. Communication had an optimistic tone.,"prescription, ongoing, thyroid, medication?"
404,The receptionist was very rude when I called to reschedule.,This level of service is completely unacceptable. I share your frustration entirely.,complaint,negative,Patient reported dissatisfaction or issues. Communication expressed concerns or dissatisfaction.,"receptionist, called, reschedule."
405,The nurse didn't return my urgent call about medication side effects.,Your experience worries me greatly. No patient should face these kinds of issues.,complaint,concerned,Patient reported dissatisfaction or issues. Communication expressed worry or caution.,"nurse, didn't, return, urgent, about"
406,The prescription you sent was out of stock at my pharmacy with no alternatives.,"Given the severity of this issue, I'm taking immediate steps to address it today.",complaint,urgent,Patient reported dissatisfaction or issues. Communication emphasized immediate action needed.,"prescription, stock, pharmacy, alternatives."
407,The antibiotics helped but my sinus infection isn't completely gone.,These follow-up symptoms require urgent attention. Can you come to the office today?,follow_up,urgent,Patient followed up regarding previous consultation. Communication emphasized immediate action needed.,"antibiotics, helped, sinus, infection, isn't"
408,Where can I park when coming for my appointment?,"You know what, parking is actually free on weekends - a little bonus for our Saturday patients!",general_questions,friendly,Patient asked general information about services. Communication was warm and personable.,"Where, coming, appointment?"
409,I lost my prescription slip for the antibiotics - can you reissue?,I'm concerned about renewing this medication without seeing you first. These side effects are troubling.,ask_prescription,negative,Patient asked for medication renewal or advice. Communication expressed concerns or dissatisfaction.,"prescription, antibiotics, reissue?"
410,What's your policy on late cancellations?,We accept most major insurance plans. May I have your member ID to verify?,general_questions,neutral,Patient asked general information about services. Communication was matter-of-fact.,"What's, policy, cancellations?"
411,Which hospital are you affiliated with for emergencies?,"Our regular hours are 8am-6pm weekdays, with urgent care until 8pm.",general_questions,neutral,Patient asked general information about services. Communication was matter-of-fact.,"Which, hospital, affiliated, emergencies?"
412,Are there any weekend slots available for a general consultation?,I'm so sorry about the wait times lately. Let me do my best to find something that works for you.,request_appointment,apologetic,Patient requested a future consultation. Communication included regret or apologies.,"there, weekend, slots, available, general"
413,The doctor didn't explain my diagnosis clearly - I have many unanswered questions.,I am so sorry this happened to you. There's no excuse for this kind of treatment.,complaint,apologetic,Patient reported dissatisfaction or issues. Communication included regret or apologies.,"doctor, didn't, explain, diagnosis, clearly"
414,The billing department charged me for services I never received.,I sincerely apologize for this experience - it's completely our fault and we will make it right.,complaint,apologetic,Patient reported dissatisfaction or issues. Communication included regret or apologies.,"billing, department, charged, services, never"
415,I lost my prescription slip for the antibiotics - can you reissue?,"Let me verify - you need a refill for your medication, correct?",ask_prescription,neutral,Patient asked for medication renewal or advice. Communication was matter-of-fact.,"prescription, antibiotics, reissue?"
416,I've had a persistent headache for three days now with blurred vision.,That sounds notable. Have you noticed any triggers or patterns to when this occurs?,discuss_symptoms,neutral,Patient described current health symptoms. Communication was matter-of-fact.,"persistent, headache, three, blurred, vision."
417,I need to schedule my annual diabetes screening and checkup.,I'd be happy to schedule that for you! We have some excellent time slots available.,request_appointment,positive,Patient requested a future consultation. Communication had an optimistic tone.,"schedule, annual, diabetes, screening, checkup."
418,I lost my prescription slip for the antibiotics - can you reissue?,The clinical protocol indicates that medication adjustment may be warranted based on reported efficacy.,ask_prescription,formal,Patient asked for medication renewal or advice. Communication was professional and technical.,"prescription, antibiotics, reissue?"
419,I'm experiencing shortness of breath even with minimal activity.,I'm sorry you've been dealing with this discomfort. We should have caught this during your last visit.,discuss_symptoms,apologetic,Patient described current health symptoms. Communication included regret or apologies.,"experiencing, shortness, breath, minimal, activity."
420,My pharmacy says they need prior authorization for my new cholesterol meds.,I'm a bit worried about these side effects you're mentioning. Let's discuss alternatives to this medication.,ask_prescription,concerned,Patient asked for medication renewal or advice. Communication expressed worry or caution.,"pharmacy, prior, authorization, cholesterol, meds."
421,The rash has spread despite using the prescribed cream - what now?,"You know, I've been thinking about your case - sounds like you're really making progress!",follow_up,friendly,Patient followed up regarding previous consultation. Communication was warm and personable.,"spread, despite, using, prescribed, cream"
422,The physical therapy exercises caused more pain - is this normal?,Hey there! So good to hear from you! How are you feeling after our last appointment?,follow_up,friendly,Patient followed up regarding previous consultation. Communication was warm and personable.,"physical, therapy, exercises, caused, normal?"
423,Do I need a new prescription for my ongoing thyroid medication?,I can certainly renew that. Has your current dosage been effective for you?,ask_prescription,neutral,Patient asked for medication renewal or advice. Communication was matter-of-fact.,"prescription, ongoing, thyroid, medication?"
424,The antidepressant dosage doesn't seem effective anymore - can we adjust?,"Upon review of your medical history, a prescription renewal is authorized pending pharmacy verification.",ask_prescription,formal,Patient asked for medication renewal or advice. Communication was professional and technical.,"antidepressant, dosage, doesn't, effective, anymore"
425,Which hospital are you affiliated with for emergencies?,I apologize that our holiday schedule is so limited. I know it can make things difficult.,general_questions,apologetic,Patient asked general information about services. Communication included regret or apologies.,"Which, hospital, affiliated, emergencies?"
426,I'm traveling abroad and need a 3-month supply of my blood thinners.,"Great news! Your lab results look excellent, so I'm happy to continue your current medication.",ask_prescription,positive,Patient asked for medication renewal or advice. Communication had an optimistic tone.,"traveling, abroad, 3-month, supply, blood"
427,I've had a persistent headache for three days now with blurred vision.,These symptoms are concerning and require immediate attention. I'm not satisfied with what I'm hearing.,discuss_symptoms,negative,Patient described current health symptoms. Communication expressed concerns or dissatisfaction.,"persistent, headache, three, blurred, vision."
428,The nurse didn't return my urgent call about medication side effects.,The administrative team will conduct a thorough investigation into the reported procedural deviation.,complaint,formal,Patient reported dissatisfaction or issues. Communication was professional and technical.,"nurse, didn't, return, urgent, about"
429,What are your clinic hours on holidays?,We accept most major insurance plans. May I have your member ID to verify?,general_questions,neutral,Patient asked general information about services. Communication was matter-of-fact.,"clinic, hours, holidays?"
430,What COVID safety measures are you currently following?,Great question! We're pleased to offer extended holiday hours for your convenience.,general_questions,positive,Patient asked general information about services. Communication had an optimistic tone.,"COVID, safety, measures, currently, following?"
431,I completed the treatment but still feel fatigued - what next?,I'm very encouraged by your progress! The treatment is working exactly as we hoped.,follow_up,positive,Patient followed up regarding previous consultation. Communication had an optimistic tone.,"completed, treatment, still, fatigued, next?"
432,Which hospital are you affiliated with for emergencies?,I'm happy to confirm that we accept your insurance with excellent coverage options.,general_questions,positive,Patient asked general information about services. Communication had an optimistic tone.,"Which, hospital, affiliated, emergencies?"
433,The rash has spread despite using the prescribed cream - what now?,I'm very encouraged by your progress! The treatment is working exactly as we hoped.,follow_up,positive,Patient followed up regarding previous consultation. Communication had an optimistic tone.,"spread, despite, using, prescribed, cream"
434,The billing department charged me for services I never received.,I'm deeply troubled by what you experienced. This isn't the care standard we aim to provide.,complaint,concerned,Patient reported dissatisfaction or issues. Communication expressed worry or caution.,"billing, department, charged, services, never"
435,I've been tracking my blood pressure as instructed - should I continue the meds?,"Upon review of your follow-up data, clinical parameters suggest modification of the treatment protocol.",follow_up,formal,Patient followed up regarding previous consultation. Communication was professional and technical.,"tracking, blood, pressure, instructed, should"
436,There's a strange numbness in my left arm that won't go away.,I'm quite worried about these symptoms. They indicate a potentially serious condition we need to address.,discuss_symptoms,negative,Patient described current health symptoms. Communication expressed concerns or dissatisfaction.,"There's, strange, numbness, won't, away."
437,The prescription you sent was out of stock at my pharmacy with no alternatives.,I sincerely apologize for this experience - it's completely our fault and we will make it right.,complaint,apologetic,Patient reported dissatisfaction or issues. Communication included regret or apologies.,"prescription, stock, pharmacy, alternatives."
438,Your online portal isn't working and I can't access my medical records.,This is a serious failure on our part. I'm deeply troubled by what you've experienced.,complaint,negative,Patient reported dissatisfaction or issues. Communication expressed concerns or dissatisfaction.,"online, portal, isn't, working, can't"
439,How do I get a copy of my medical records transferred to another provider?,We accept most major insurance plans. May I have your member ID to verify?,general_questions,neutral,Patient asked general information about services. Communication was matter-of-fact.,"medical, records, transferred, another, provider?"
440,Do I need a new prescription for my ongoing thyroid medication?,No problem at all with that refill! I'll take care of it right away so you don't have to worry.,ask_prescription,friendly,Patient asked for medication renewal or advice. Communication was warm and personable.,"prescription, ongoing, thyroid, medication?"
441,What COVID safety measures are you currently following?,"For urgent needs, please note our special holiday triage line is always available.",general_questions,urgent,Patient asked general information about services. Communication emphasized immediate action needed.,"COVID, safety, measures, currently, following?"
442,My child needs a sports physical - do you have pediatric appointments tomorrow?,I'm putting you down for our emergency slot at 3pm today. Please arrive 15 minutes early.,request_appointment,urgent,Patient requested a future consultation. Communication emphasized immediate action needed.,"child, needs, sports, physical, pediatric"
443,I need to schedule a physical exam before my overseas trip next month.,I'm a bit worried about waiting too long for this appointment. Let me see what I can do to expedite it.,request_appointment,concerned,Patient requested a future consultation. Communication expressed worry or caution.,"schedule, physical, before, overseas, month."
444,The physical therapy exercises caused more pain - is this normal?,These are excellent results. You're responding to treatment better than expected.,follow_up,positive,Patient followed up regarding previous consultation. Communication had an optimistic tone.,"physical, therapy, exercises, caused, normal?"
445,The antidepressant dosage doesn't seem effective anymore - can we adjust?,I can certainly renew that. Has your current dosage been effective for you?,ask_prescription,neutral,Patient asked for medication renewal or advice. Communication was matter-of-fact.,"antidepressant, dosage, doesn't, effective, anymore"
446,Can you prescribe something stronger for my chronic back pain?,No problem at all with that refill! I'll take care of it right away so you don't have to worry.,ask_prescription,friendly,Patient asked for medication renewal or advice. Communication was warm and personable.,"prescribe, something, stronger, chronic, pain?"
447,I'm experiencing shortness of breath even with minimal activity.,These symptoms are concerning and require immediate attention. I'm not satisfied with what I'm hearing.,discuss_symptoms,negative,Patient described current health symptoms. Communication expressed concerns or dissatisfaction.,"experiencing, shortness, breath, minimal, activity."
448,My blood sugar levels have stabilized - do I still need the same dosage?,These test results raise some concerns for me. Let's take a closer look at what's happening.,follow_up,concerned,Patient followed up regarding previous consultation. Communication expressed worry or caution.,"blood, sugar, levels, stabilized, still"
449,The physical therapy exercises caused more pain - is this normal?,Let's review your case. What improvements have you noticed with the treatment?,follow_up,neutral,Patient followed up regarding previous consultation. Communication was matter-of-fact.,"physical, therapy, exercises, caused, normal?"
450,The antibiotics helped but my sinus infection isn't completely gone.,Let's review your case. What improvements have you noticed with the treatment?,follow_up,neutral,Patient followed up regarding previous consultation. Communication was matter-of-fact.,"antibiotics, helped, sinus, infection, isn't"
451,I have severe diarrhea and vomiting since last night - can't keep anything down.,These symptoms need immediate investigation. I'm going to expedite some tests right away.,discuss_symptoms,urgent,Patient described current health symptoms. Communication emphasized immediate action needed.,"severe, diarrhea, vomiting, since, night"
452,I'd prefer a telehealth visit if available - when's the next opening?,Let me check our availability. Are you looking for something this week or next?,request_appointment,neutral,Patient requested a future consultation. Communication was matter-of-fact.,"prefer, telehealth, visit, available, when's"
453,Can I book a follow-up with Dr. Smith for my post-op check?,"You know what, I remember you from your last visit! Let's find a perfect time that works for you.",request_appointment,friendly,Patient requested a future consultation. Communication was warm and personable.,"follow-up, Smith, post-op, check?"
454,Could I get an appointment with the cardiology department?,Great news! We have several convenient openings that should work perfectly for your schedule.,request_appointment,positive,Patient requested a future consultation. Communication had an optimistic tone.,"Could, appointment, cardiology, department?"
455,Your online portal isn't working and I can't access my medical records.,I am so sorry this happened to you. There's no excuse for this kind of treatment.,complaint,apologetic,Patient reported dissatisfaction or issues. Communication included regret or apologies.,"online, portal, isn't, working, can't"
456,Do I need a new prescription for my ongoing thyroid medication?,I'm pleased to renew this prescription for you. The treatment seems to be working very well.,ask_prescription,positive,Patient asked for medication renewal or advice. Communication had an optimistic tone.,"prescription, ongoing, thyroid, medication?"
457,It's been 2 weeks since my surgery - when should I come for a wound check?,Let's review your case. What improvements have you noticed with the treatment?,follow_up,neutral,Patient followed up regarding previous consultation. Communication was matter-of-fact.,"weeks, since, surgery, should, wound"
458,There's sharp pain in my lower right abdomen that comes and goes.,These symptoms raise some red flags for me. I want to make sure we don't miss anything important.,discuss_symptoms,concerned,Patient described current health symptoms. Communication expressed worry or caution.,"There's, sharp, lower, right, abdomen"
459,I completed the treatment but still feel fatigued - what next?,I apologize that you're still experiencing these symptoms. We should have addressed this differently.,follow_up,apologetic,Patient followed up regarding previous consultation. Communication included regret or apologies.,"completed, treatment, still, fatigued, next?"
460,What are your clinic hours on holidays?,"You know what, parking is actually free on weekends - a little bonus for our Saturday patients!",general_questions,friendly,Patient asked general information about services. Communication was warm and personable.,"clinic, hours, holidays?"
461,The prescription you sent was out of stock at my pharmacy with no alternatives.,I'm deeply troubled by what you experienced. This isn't the care standard we aim to provide.,complaint,concerned,Patient reported dissatisfaction or issues. Communication expressed worry or caution.,"prescription, stock, pharmacy, alternatives."
462,I need to schedule my annual diabetes screening and checkup.,I'd be happy to schedule that for you! We have some excellent time slots available.,request_appointment,positive,Patient requested a future consultation. Communication had an optimistic tone.,"schedule, annual, diabetes, screening, checkup."
463,I need to schedule a physical exam before my overseas trip next month.,The scheduling protocol allows for a consultation on the requested date pending insurance verification.,request_appointment,formal,Patient requested a future consultation. Communication was professional and technical.,"schedule, physical, before, overseas, month."
464,I lost my prescription slip for the antibiotics - can you reissue?,"These symptoms concern me - before renewing, I'd like to check if this medication is still right for you.",ask_prescription,concerned,Patient asked for medication renewal or advice. Communication expressed worry or caution.,"prescription, antibiotics, reissue?"
465,What are your clinic hours on holidays?,I regret to inform you that we no longer accept that insurance plan as of last month.,general_questions,negative,Patient asked general information about services. Communication expressed concerns or dissatisfaction.,"clinic, hours, holidays?"
466,There's a strange numbness in my left arm that won't go away.,I'm quite worried about these symptoms. They indicate a potentially serious condition we need to address.,discuss_symptoms,negative,Patient described current health symptoms. Communication expressed concerns or dissatisfaction.,"There's, strange, numbness, won't, away."
467,My blood sugar levels have stabilized - do I still need the same dosage?,I'm not satisfied with your progress. These symptoms indicate the treatment isn't working.,follow_up,negative,Patient followed up regarding previous consultation. Communication expressed concerns or dissatisfaction.,"blood, sugar, levels, stabilized, still"
468,Your online portal isn't working and I can't access my medical records.,I sincerely apologize for this experience - it's completely our fault and we will make it right.,complaint,apologetic,Patient reported dissatisfaction or issues. Communication included regret or apologies.,"online, portal, isn't, working, can't"
469,I'm having bad side effects from the new medication - can we switch?,I'm pleased to renew this prescription for you. The treatment seems to be working very well.,ask_prescription,positive,Patient asked for medication renewal or advice. Communication had an optimistic tone.,"having, effects, medication, switch?"
470,What COVID safety measures are you currently following?,This information is critical - our emergency services remain open 24/7 including all holidays.,general_questions,urgent,Patient asked general information about services. Communication emphasized immediate action needed.,"COVID, safety, measures, currently, following?"
471,The physical therapy exercises caused more pain - is this normal?,I'm very encouraged by your progress! The treatment is working exactly as we hoped.,follow_up,positive,Patient followed up regarding previous consultation. Communication had an optimistic tone.,"physical, therapy, exercises, caused, normal?"
472,My child needs a sports physical - do you have pediatric appointments tomorrow?,I'm so sorry about the wait times lately. Let me do my best to find something that works for you.,request_appointment,apologetic,Patient requested a future consultation. Communication included regret or apologies.,"child, needs, sports, physical, pediatric"
473,There's a strange numbness in my left arm that won't go away.,Thank you for providing such clear details about your symptoms. This gives us a promising starting point for treatment.,discuss_symptoms,positive,Patient described current health symptoms. Communication had an optimistic tone.,"There's, strange, numbness, won't, away."
474,There's sharp pain in my lower right abdomen that comes and goes.,I'm genuinely concerned about what you're experiencing. Let's take these symptoms very seriously.,discuss_symptoms,concerned,Patient described current health symptoms. Communication expressed worry or caution.,"There's, sharp, lower, right, abdomen"
475,"My joints are swollen and painful, especially in the mornings.",I'm genuinely concerned about what you're experiencing. Let's take these symptoms very seriously.,discuss_symptoms,concerned,Patient described current health symptoms. Communication expressed worry or caution.,"joints, swollen, painful,, especially, mornings."
476,I need to schedule my annual diabetes screening and checkup.,"Hey, no problem at all! I can totally squeeze you in this Friday - how does that sound?",request_appointment,friendly,Patient requested a future consultation. Communication was warm and personable.,"schedule, annual, diabetes, screening, checkup."
477,Can you prescribe something stronger for my chronic back pain?,"Given your situation, I'm authorizing an immediate refill that you can pick up today.",ask_prescription,urgent,Patient asked for medication renewal or advice. Communication emphasized immediate action needed.,"prescribe, something, stronger, chronic, pain?"
478,I need to schedule a physical exam before my overseas trip next month.,"Hey, no problem at all! I can totally squeeze you in this Friday - how does that sound?",request_appointment,friendly,Patient requested a future consultation. Communication was warm and personable.,"schedule, physical, before, overseas, month."
479,Can I book a follow-up with Dr. Smith for my post-op check?,"You know what, I remember you from your last visit! Let's find a perfect time that works for you.",request_appointment,friendly,Patient requested a future consultation. Communication was warm and personable.,"follow-up, Smith, post-op, check?"
480,I've been tracking my blood pressure as instructed - should I continue the meds?,I'm actually quite worried about these lingering symptoms. They shouldn't still be present.,follow_up,concerned,Patient followed up regarding previous consultation. Communication expressed worry or caution.,"tracking, blood, pressure, instructed, should"
481,My test results were supposed to be ready yesterday but still aren't available.,Your experience worries me greatly. No patient should face these kinds of issues.,complaint,concerned,Patient reported dissatisfaction or issues. Communication expressed worry or caution.,"results, supposed, ready, yesterday, still"
482,I'd like to make a same-day urgent appointment if possible.,Let me check our availability. Are you looking for something this week or next?,request_appointment,neutral,Patient requested a future consultation. Communication was matter-of-fact.,"same-day, urgent, appointment, possible."
483,The biopsy results came back - can we discuss them at my next visit?,These are excellent results. You're responding to treatment better than expected.,follow_up,positive,Patient followed up regarding previous consultation. Communication had an optimistic tone.,"biopsy, results, discuss, visit?"
484,I need to schedule a physical exam before my overseas trip next month.,I can help with that. Would you prefer an early morning or late afternoon appointment?,request_appointment,neutral,Patient requested a future consultation. Communication was matter-of-fact.,"schedule, physical, before, overseas, month."
485,The physical therapy exercises caused more pain - is this normal?,"Upon review of your follow-up data, clinical parameters suggest modification of the treatment protocol.",follow_up,formal,Patient followed up regarding previous consultation. Communication was professional and technical.,"physical, therapy, exercises, caused, normal?"
486,There's sharp pain in my lower right abdomen that comes and goes.,I'm quite worried about these symptoms. They indicate a potentially serious condition we need to address.,discuss_symptoms,negative,Patient described current health symptoms. Communication expressed concerns or dissatisfaction.,"There's, sharp, lower, right, abdomen"
487,I'd like to make a same-day urgent appointment if possible.,Let me check our availability. Are you looking for something this week or next?,request_appointment,neutral,Patient requested a future consultation. Communication was matter-of-fact.,"same-day, urgent, appointment, possible."
488,There's sharp pain in my lower right abdomen that comes and goes.,These symptoms are concerning and require immediate attention. I'm not satisfied with what I'm hearing.,discuss_symptoms,negative,Patient described current health symptoms. Communication expressed concerns or dissatisfaction.,"There's, sharp, lower, right, abdomen"
489,The doctor didn't explain my diagnosis clearly - I have many unanswered questions.,This is a serious failure on our part. I'm deeply troubled by what you've experienced.,complaint,negative,Patient reported dissatisfaction or issues. Communication expressed concerns or dissatisfaction.,"doctor, didn't, explain, diagnosis, clearly"
490,My test results were supposed to be ready yesterday but still aren't available.,Thank you for bringing this to our attention. This isn't our usual standard.,complaint,neutral,Patient reported dissatisfaction or issues. Communication was matter-of-fact.,"results, supposed, ready, yesterday, still"
491,Where can I park when coming for my appointment?,I regret to inform you that we no longer accept that insurance plan as of last month.,general_questions,negative,Patient asked general information about services. Communication expressed concerns or dissatisfaction.,"Where, coming, appointment?"
492,Do I need a new prescription for my ongoing thyroid medication?,"These symptoms concern me - before renewing, I'd like to check if this medication is still right for you.",ask_prescription,concerned,Patient asked for medication renewal or advice. Communication expressed worry or caution.,"prescription, ongoing, thyroid, medication?"
493,My pharmacy says they need prior authorization for my new cholesterol meds.,"Let me verify - you need a refill for your medication, correct?",ask_prescription,neutral,Patient asked for medication renewal or advice. Communication was matter-of-fact.,"pharmacy, prior, authorization, cholesterol, meds."
494,Do you provide interpreter services for non-English speakers?,We accept most major insurance plans. May I have your member ID to verify?,general_questions,neutral,Patient asked general information about services. Communication was matter-of-fact.,"provide, interpreter, services, non-English, speakers?"
495,The rash has spread despite using the prescribed cream - what now?,These test results raise some concerns for me. Let's take a closer look at what's happening.,follow_up,concerned,Patient followed up regarding previous consultation. Communication expressed worry or caution.,"spread, despite, using, prescribed, cream"
496,My child needs a sports physical - do you have pediatric appointments tomorrow?,Let me check our availability. Are you looking for something this week or next?,request_appointment,neutral,Patient requested a future consultation. Communication was matter-of-fact.,"child, needs, sports, physical, pediatric"
497,The doctor didn't explain my diagnosis clearly - I have many unanswered questions.,I am so sorry this happened to you. There's no excuse for this kind of treatment.,complaint,apologetic,Patient reported dissatisfaction or issues. Communication included regret or apologies.,"doctor, didn't, explain, diagnosis, clearly"
498,There's sharp pain in my lower right abdomen that comes and goes.,These symptoms need immediate investigation. I'm going to expedite some tests right away.,discuss_symptoms,urgent,Patient described current health symptoms. Communication emphasized immediate action needed.,"There's, sharp, lower, right, abdomen"
499,Do you accept my new insurance plan?,"You know what, parking is actually free on weekends - a little bonus for our Saturday patients!",general_questions,friendly,Patient asked general information about services. Communication was warm and personable.,"accept, insurance, plan?"
500,My blood sugar levels have stabilized - do I still need the same dosage?,Let's review your case. What improvements have you noticed with the treatment?,follow_up,neutral,Patient followed up regarding previous consultation. Communication was matter-of-fact.,"blood, sugar, levels, stabilized, still"
